total_requests,accepted_requests,completed_requests,dropped_requests,unfinished_requests,drop_rate,throughput,overall_slo_miss_rate,accepted_slo_miss_rate,completion_rate,accuracy_weighted_throughput,mean_accuracy_completed,downgrade_rate,p50_latency_ms,p95_latency_ms,p99_latency_ms,per_tenant_slo_miss_rate,fairness_jain_index,tenant0_slo_miss_rate,tenant1_slo_miss_rate,arrival_rate,seed,case,experiment,policy_name
973,955,955,18,0,0.018499486125385406,9.55,0.02774922918807811,0.009424083769633508,1.0,7.64,0.8000000000000002,0.0,54.26618269255414,130.35721576064233,193.0058502359944,"{0: 0.055793991416309016, 1: 0.0019723865877712033}",0.9992326791848585,0.055793991416309016,0.0019723865877712033,10,42,Admission Only + Fixed Model,ablation,Admission Only + Fixed
1066,1039,1039,27,0,0.025328330206378986,10.39,0.03189493433395872,0.006737247353224254,1.0,8.312000000000001,0.8,0.0,56.61521219212591,146.02545315392123,234.28630163079953,"{0: 0.06614785992217899, 1: 0.0}",0.9988313694409174,0.06614785992217899,0.0,10,43,Admission Only + Fixed Model,ablation,Admission Only + Fixed
1036,1003,1003,33,0,0.03185328185328185,10.03,0.04343629343629344,0.011964107676969093,1.0,8.024000000000001,0.8,0.0,56.76777155214222,136.89159466980217,207.2514795834082,"{0: 0.08108108108108109, 1: 0.005791505791505791}",0.9984536428352118,0.08108108108108109,0.005791505791505791,10,44,Admission Only + Fixed Model,ablation,Admission Only + Fixed
973,973,973,0,0,0.0,9.73,0.024665981500513873,0.024665981500513873,1.0,7.77,0.7985611510791368,0.007194244604316547,54.602303809297155,139.9383424813655,194.32114883721627,"{0: 0.04935622317596566, 1: 0.0019723865877712033}",0.9994090829543567,0.04935622317596566,0.0019723865877712033,10,42,Threshold Downgrade,ablation,Threshold Downgrade
1066,1066,1066,0,0,0.0,10.66,0.04221388367729831,0.04221388367729831,1.0,8.506,0.797936210131332,0.010318949343339587,58.214470651907504,150.93864004387024,227.01426837384335,"{0: 0.08560311284046693, 1: 0.0018115942028985507}",0.9980843078172946,0.08560311284046693,0.0018115942028985507,10,43,Threshold Downgrade,ablation,Threshold Downgrade
1036,1036,1036,0,0,0.0,10.36,0.04054054054054054,0.04054054054054054,1.0,8.262,0.7974903474903475,0.012548262548262547,58.61360577405139,150.73756851557783,233.69642801364586,"{0: 0.07528957528957529, 1: 0.005791505791505791}",0.9986900251887131,0.07528957528957529,0.005791505791505791,10,44,Threshold Downgrade,ablation,Threshold Downgrade
973,973,973,0,0,0.0,9.73,0.0,0.0,1.0,5.837999999999999,0.6,1.0,10.639040396483324,20.105651481791575,27.21918249754668,"{0: 0.0, 1: 0.0}",1.0,0.0,0.0,10,42,Ablation: Fastest Feasible,ablation,Fastest Feasible
1066,1066,1066,0,0,0.0,10.66,0.0,0.0,1.0,6.396,0.5999999999999999,1.0,10.70426227774442,20.579334455007256,25.64146828933759,"{0: 0.0, 1: 0.0}",1.0,0.0,0.0,10,43,Ablation: Fastest Feasible,ablation,Fastest Feasible
1036,1036,1036,0,0,0.0,10.36,0.0,0.0,1.0,6.216,0.5999999999999999,1.0,10.844854786661017,20.81839252663849,25.915263884951507,"{0: 0.0, 1: 0.0}",1.0,0.0,0.0,10,44,Ablation: Fastest Feasible,ablation,Fastest Feasible
973,973,973,0,0,0.0,9.73,0.006166495375128468,0.006166495375128468,1.0,7.763000000000001,0.7978417266187051,0.020554984583761562,54.602303809297155,131.2639966438306,180.53360621855435,"{0: 0.01072961373390558, 1: 0.0019723865877712033}",0.9999805822544684,0.01072961373390558,0.0019723865877712033,10,42,Proposed: Feasible Utility,ablation,Proposed
1066,1066,1066,0,0,0.0,10.66,0.0150093808630394,0.0150093808630394,1.0,8.49,0.7964352720450282,0.0300187617260788,57.22284748342645,145.8813089643154,226.26512827484444,"{0: 0.029182879377431907, 1: 0.0018115942028985507}",0.999806797565767,0.029182879377431907,0.0018115942028985507,10,43,Proposed: Feasible Utility,ablation,Proposed
1036,1036,1036,0,0,0.0,10.36,0.02027027027027027,0.02027027027027027,1.0,8.249,0.7962355212355213,0.032818532818532815,58.12556107538694,144.5109589619101,233.69642801364586,"{0: 0.02895752895752896, 1: 0.011583011583011582}",0.9999213825795444,0.02895752895752896,0.011583011583011582,10,44,Proposed: Feasible Utility,ablation,Proposed
973,972,972,1,0,0.0010277492291880781,9.72,0.009249743062692703,0.00823045267489712,1.0,7.756,0.7979423868312757,0.0205761316872428,54.702667218052056,131.24254082577752,177.7386084092076,"{0: 0.017167381974248927, 1: 0.0019723865877712033}",0.9999411606420987,0.017167381974248927,0.0019723865877712033,10,42,Proposed: Feasible Utility + Admission,ablation,Proposed + Admission
1066,1065,1065,1,0,0.0009380863039399625,10.65,0.010318949343339587,0.009389671361502348,1.0,8.486,0.7968075117370892,0.02910798122065728,57.12069590140891,146.44622092152852,223.51247050240315,"{0: 0.019455252918287938, 1: 0.0018115942028985507}",0.9999204997839873,0.019455252918287938,0.0018115942028985507,10,43,Proposed: Feasible Utility + Admission,ablation,Proposed + Admission
1036,1035,1035,1,0,0.0009652509652509653,10.35,0.0222007722007722,0.021256038647342997,1.0,8.234000000000002,0.7955555555555557,0.035748792270531404,58.21373286007292,143.96472185316452,235.5809819518472,"{0: 0.032818532818532815, 1: 0.011583011583011582}",0.9998820996014772,0.032818532818532815,0.011583011583011582,10,44,Proposed: Feasible Utility + Admission,ablation,Proposed + Admission
1468,1385,1384,83,1,0.05653950953678474,13.84,0.0776566757493188,0.022382671480144403,0.9992779783393502,11.072000000000001,0.7999999999999998,0.0,66.00955596249423,203.45315231645478,288.2082437934079,"{0: 0.14606741573033707, 1: 0.013227513227513227}",0.9948187726328819,0.14606741573033707,0.013227513227513227,15,42,Admission Only + Fixed Model,ablation,Admission Only + Fixed
1576,1467,1467,109,0,0.06916243654822335,14.67,0.09390862944162437,0.026584867075664622,1.0,11.736,0.7999999999999999,0.0,71.12013702975673,235.76534185249267,312.23159653196853,"{0: 0.16710875331564987, 1: 0.0267639902676399}",0.9939982026279817,0.16710875331564987,0.0267639902676399,15,43,Admission Only + Fixed Model,ablation,Admission Only + Fixed
1569,1449,1449,120,0,0.07648183556405354,14.49,0.09751434034416825,0.022774327122153208,1.0,11.592,0.8,0.0,69.52439106432575,241.7515879161923,296.23500479959415,"{0: 0.17385786802030456, 1: 0.020486555697823303}",0.9928369763724945,0.17385786802030456,0.020486555697823303,15,44,Admission Only + Fixed Model,ablation,Admission Only + Fixed
1468,1468,1467,0,1,0.0,14.67,0.07425068119891008,0.07425068119891008,0.9993188010899182,11.582,0.7895023858214041,0.052452316076294275,71.90206583809413,200.98005036269168,276.9245552167909,"{0: 0.14185393258426968, 1: 0.010582010582010581}",0.9949770628097221,0.14185393258426968,0.010582010582010581,15,42,Threshold Downgrade,ablation,Threshold Downgrade
1576,1576,1576,0,0,0.0,15.76,0.09200507614213198,0.09200507614213198,1.0,12.394,0.7864213197969544,0.06789340101522842,75.5006499412932,212.90568590813928,296.45523335806865,"{0: 0.17374005305039789, 1: 0.0170316301703163}",0.9925535058161592,0.17374005305039789,0.0170316301703163,15,43,Threshold Downgrade,ablation,Threshold Downgrade
1569,1569,1569,0,0,0.0,15.69,0.09878903760356915,0.09878903760356915,1.0,12.296000000000001,0.7836838750796685,0.0815806246016571,76.74411190090905,231.81363294738298,298.4782302501509,"{0: 0.17639593908629442, 1: 0.020486555697823303}",0.9925790152722457,0.17639593908629442,0.020486555697823303,15,44,Threshold Downgrade,ablation,Threshold Downgrade
1468,1468,1467,0,1,0.0,14.67,0.0006811989100817438,0.0006811989100817438,0.9993188010899182,8.802,0.5999999999999999,1.0,11.054107461070089,21.87895145049406,29.930538332398417,"{0: 0.0, 1: 0.0013227513227513227}",0.999999562003257,0.0,0.0013227513227513227,15,42,Ablation: Fastest Feasible,ablation,Fastest Feasible
1576,1576,1576,0,0,0.0,15.76,0.0,0.0,1.0,9.456,0.5999999999999998,1.0,11.014435741115449,22.115367986205456,29.355925850479252,"{0: 0.0, 1: 0.0}",1.0,0.0,0.0,15,43,Ablation: Fastest Feasible,ablation,Fastest Feasible
1569,1569,1569,0,0,0.0,15.69,0.0,0.0,1.0,9.414,0.5999999999999999,1.0,11.371130117899156,22.053979809580774,32.35119824798719,"{0: 0.0, 1: 0.0}",1.0,0.0,0.0,15,44,Ablation: Fastest Feasible,ablation,Fastest Feasible
1468,1468,1467,0,1,0.0,14.67,0.030653950953678476,0.030653950953678476,0.9993188010899182,11.633,0.7929788684389911,0.06198910081743869,70.37967891674634,216.3554781304425,299.534807960692,"{0: 0.04073033707865169, 1: 0.021164021164021163}",0.9998980894912554,0.04073033707865169,0.021164021164021163,15,42,Proposed: Feasible Utility,ablation,Proposed
1576,1576,1576,0,0,0.0,15.76,0.061548223350253804,0.061548223350253804,1.0,12.458,0.7904822335025382,0.07614213197969544,75.22532152953227,263.17332311352493,340.0920838384418,"{0: 0.07294429708222812, 1: 0.051094890510948905}",0.9998643646606163,0.07294429708222812,0.051094890510948905,15,43,Proposed: Feasible Utility,ablation,Proposed
1569,1569,1569,0,0,0.0,15.69,0.06054811982154239,0.06054811982154239,1.0,12.371000000000002,0.7884639898024218,0.09623964308476737,76.00823843532999,267.42775881790146,338.57467093877676,"{0: 0.06725888324873096, 1: 0.05377720870678617}",0.9999485211965524,0.06725888324873096,0.05377720870678617,15,44,Proposed: Feasible Utility,ablation,Proposed
1468,1463,1462,5,1,0.0034059945504087193,14.62,0.0326975476839237,0.02939166097060834,0.9993164730006835,11.603,0.7936388508891928,0.05809979494190021,71.90268100252615,220.28191416619563,296.9012800137446,"{0: 0.047752808988764044, 1: 0.018518518518518517}",0.9997714954814931,0.047752808988764044,0.018518518518518517,15,42,Proposed: Feasible Utility + Admission,ablation,Proposed + Admission
1576,1562,1562,14,0,0.008883248730964468,15.62,0.06091370558375635,0.052496798975672214,1.0,12.371000000000002,0.7919974391805379,0.06978233034571063,74.18729260365217,250.42373810390654,329.37264728396224,"{0: 0.07294429708222812, 1: 0.049878345498783457}",0.9998490383718149,0.07294429708222812,0.049878345498783457,15,43,Proposed: Feasible Utility + Admission,ablation,Proposed + Admission
1569,1556,1556,13,0,0.0082855321861058,15.56,0.06246016571064372,0.05462724935732648,1.0,12.294,0.7901028277634962,0.08611825192802057,76.87928976385592,268.50689758556473,330.5109608007011,"{0: 0.06979695431472081, 1: 0.05505761843790013}",0.9999382184089232,0.06979695431472081,0.05505761843790013,15,44,Proposed: Feasible Utility + Admission,ablation,Proposed + Admission
1954,1727,1725,227,2,0.11617195496417605,17.25,0.1811668372569089,0.07353792704111176,0.9988419224088014,13.8,0.8,0.0,84.41229361415753,299.4555001068278,335.8349158302811,"{0: 0.2631578947368421, 1: 0.10358565737051793}",0.990544599251674,0.2631578947368421,0.10358565737051793,20,42,Admission Only + Fixed Model,ablation,Admission Only + Fixed
2084,1816,1811,268,5,0.12859884836852206,18.11,0.20489443378119002,0.08755506607929515,0.9972466960352423,14.488000000000001,0.8000000000000002,0.0,88.27241701452294,305.8926535705832,352.019836853286,"{0: 0.29364278506559033, 1: 0.12442817932296432}",0.988687444651312,0.29364278506559033,0.12442817932296432,20,43,Admission Only + Fixed Model,ablation,Admission Only + Fixed
2075,1769,1769,306,0,0.14746987951807228,17.69,0.22554216867469878,0.09157716223855286,1.0,14.152000000000001,0.8,0.0,87.75641875331348,311.9117082985918,349.3377798254845,"{0: 0.31714568880079286, 1: 0.13883677298311445}",0.9868390276356319,0.31714568880079286,0.13883677298311445,20,44,Admission Only + Fixed Model,ablation,Admission Only + Fixed
1954,1954,1950,0,4,0.0,19.5,0.10184237461617196,0.10184237461617196,0.9979529170931423,14.904000000000002,0.7643076923076924,0.17860798362333674,85.0346089350096,244.11307353754273,303.2258244905289,"{0: 0.18526315789473685, 1: 0.022908366533864542}",0.991856963185579,0.18526315789473685,0.022908366533864542,20,42,Threshold Downgrade,ablation,Threshold Downgrade
2084,2084,2077,0,7,0.0,20.77,0.11948176583493282,0.11948176583493282,0.996641074856046,15.852,0.7632161771786231,0.1847408829174664,92.46678294656158,254.69107391830752,321.38838345582303,"{0: 0.20686175580222, 1: 0.04025617566331199}",0.9910470131491176,0.20686175580222,0.04025617566331199,20,43,Threshold Downgrade,ablation,Threshold Downgrade
2075,2075,2075,0,0,0.0,20.75,0.12385542168674699,0.12385542168674699,1.0,15.772,0.7600963855421689,0.19951807228915663,92.40083050089015,249.43075499624828,312.77408918373146,"{0: 0.22695738354806738, 1: 0.02626641651031895}",0.9869717571733257,0.22695738354806738,0.02626641651031895,20,44,Threshold Downgrade,ablation,Threshold Downgrade
1954,1954,1953,0,1,0.0,19.53,0.0005117707267144319,0.0005117707267144319,0.9994882292732856,11.718,0.5999999999999999,1.0,11.276971279228746,23.12352830347517,32.09586487930824,"{0: 0.0010526315789473684, 1: 0.0}",0.9999997226999485,0.0010526315789473684,0.0,20,42,Ablation: Fastest Feasible,ablation,Fastest Feasible
2084,2084,2084,0,0,0.0,20.84,0.0,0.0,1.0,12.503999999999998,0.5999999999999999,1.0,11.343941390201621,23.814277033038156,33.48546057154902,"{0: 0.0, 1: 0.0}",1.0,0.0,0.0,20,43,Ablation: Fastest Feasible,ablation,Fastest Feasible
2075,2075,2075,0,0,0.0,20.75,0.0,0.0,1.0,12.45,0.5999999999999999,1.0,11.681767621572362,24.081330376131156,35.227558347241356,"{0: 0.0, 1: 0.0}",1.0,0.0,0.0,20,44,Ablation: Fastest Feasible,ablation,Fastest Feasible
1954,1954,1950,0,4,0.0,19.5,0.13817809621289662,0.13817809621289662,0.9979529170931423,15.207,0.779846153846154,0.14687819856704196,89.29567089119155,322.0962636681563,361.9610137309969,"{0: 0.12526315789473685, 1: 0.150398406374502}",0.9997875635289379,0.12526315789473685,0.150398406374502,20,42,Proposed: Feasible Utility,ablation,Proposed
2084,2084,2076,0,8,0.0,20.76,0.17226487523992323,0.17226487523992323,0.9961612284069098,16.113,0.7761560693641619,0.16698656429942418,94.44970788494902,324.87699568746575,372.968687526512,"{0: 0.1503531786074672, 1: 0.19213174748398903}",0.9993650839337738,0.1503531786074672,0.19213174748398903,20,43,Proposed: Feasible Utility,ablation,Proposed
2075,2075,2075,0,0,0.0,20.75,0.16240963855421686,0.16240963855421686,1.0,16.04,0.7730120481927711,0.19614457831325302,91.6845282168506,328.7372371463396,370.76675256361574,"{0: 0.13082259663032705, 1: 0.19230769230769232}",0.998657366201333,0.13082259663032705,0.19230769230769232,20,44,Proposed: Feasible Utility,ablation,Proposed
1954,1897,1893,57,4,0.02917093142272262,18.93,0.1299897645854657,0.10384818133895625,0.9978914074855034,14.892999999999999,0.7867406233491813,0.1191354770690564,86.18302497183322,312.54641380527454,348.0167743061401,"{0: 0.12105263157894737, 1: 0.13844621513944222}",0.9999001412478367,0.12105263157894737,0.13844621513944222,20,42,Proposed: Feasible Utility + Admission,ablation,Proposed + Admission
2084,2015,2008,69,7,0.033109404990403074,20.08,0.14587332053742802,0.11662531017369727,0.9965260545905708,15.747,0.7842131474103587,0.13647642679900746,90.77603507178719,318.68463402746545,353.8205167037025,"{0: 0.12714429868819374, 1: 0.16285452881976212}",0.9995640836843404,0.12714429868819374,0.16285452881976212,20,43,Proposed: Feasible Utility + Admission,ablation,Proposed + Admission
2075,2008,2008,67,0,0.03228915662650603,20.08,0.1566265060240964,0.12848605577689243,1.0,15.689,0.7813247011952191,0.16085657370517928,90.29543789000672,325.3143850142773,368.42448271052143,"{0: 0.13280475718533202, 1: 0.17917448405253283}",0.9992459747024398,0.13280475718533202,0.17917448405253283,20,44,Proposed: Feasible Utility + Admission,ablation,Proposed + Admission
2501,1948,1946,553,2,0.22111155537784885,19.46,0.3442622950819672,0.15811088295687886,0.9989733059548255,15.568000000000001,0.8,0.0,112.6122673878308,329.2930527669557,363.7963910305996,"{0: 0.4139344262295082, 1: 0.2779078844652615}",0.9893031352946883,0.4139344262295082,0.2779078844652615,25,42,Admission Only + Fixed Model,ablation,Admission Only + Fixed
2574,1988,1982,586,6,0.22766122766122765,19.82,0.3593628593628594,0.170523138832998,0.9969818913480886,15.856000000000002,0.8000000000000002,0.0,132.03080332477475,329.14344797041736,360.1513646605623,"{0: 0.45425361155698235, 1: 0.2703313253012048}",0.9796283146744537,0.45425361155698235,0.2703313253012048,25,43,Admission Only + Fixed Model,ablation,Admission Only + Fixed
2581,1978,1974,603,4,0.2336303758233243,19.74,0.38783417280123983,0.2012133468149646,0.9979777553083923,15.792,0.8000000000000002,0.0,130.326438201153,340.2375033358324,377.42417420505114,"{0: 0.43471208434712083, 1: 0.3449554896142433}",0.9946193673305865,0.43471208434712083,0.3449554896142433,25,44,Admission Only + Fixed Model,ablation,Admission Only + Fixed
2501,2501,2499,0,2,0.0,24.99,0.13714514194322272,0.13714514194322272,0.9992003198720512,18.366,0.7349339735894357,0.32506997201119553,99.1552378995475,269.4683015812772,324.79161282472046,"{0: 0.22950819672131148, 1: 0.04918032786885246}",0.9891440875650458,0.22950819672131148,0.04918032786885246,25,42,Threshold Downgrade,ablation,Threshold Downgrade
2574,2574,2569,0,5,0.0,25.69,0.1351981351981352,0.1351981351981352,0.9980574980574981,18.89,0.7353055663682366,0.3243978243978244,101.82327134477964,271.2518388251599,322.79041513588356,"{0: 0.23434991974317818, 1: 0.04216867469879518}",0.9877187632146108,0.23434991974317818,0.04216867469879518,25,43,Threshold Downgrade,ablation,Threshold Downgrade
2581,2581,2576,0,5,0.0,25.76,0.1557535838822162,0.1557535838822162,0.9980627663696242,18.918,0.7343944099378881,0.3277799302595893,105.75200513167329,272.23349965680245,330.9588451963118,"{0: 0.27169505271695055, 1: 0.04970326409495549}",0.9828110813255657,0.27169505271695055,0.04970326409495549,25,44,Threshold Downgrade,ablation,Threshold Downgrade
2501,2501,2500,0,1,0.0,25.0,0.00039984006397441024,0.00039984006397441024,0.9996001599360256,15.0,0.6,1.0,11.630917831969782,25.323931528184765,36.39270908639732,"{0: 0.0, 1: 0.00078064012490242}",0.9999998475312721,0.0,0.00078064012490242,25,42,Ablation: Fastest Feasible,ablation,Fastest Feasible
2574,2574,2573,0,1,0.0,25.73,0.0003885003885003885,0.0003885003885003885,0.9996114996114996,15.437999999999999,0.5999999999999999,1.0,11.671457861921226,25.884269929588484,37.091080958144374,"{0: 0.0008025682182985554, 1: 0.0}",0.9999998388417751,0.0008025682182985554,0.0,25,43,Ablation: Fastest Feasible,ablation,Fastest Feasible
2581,2581,2579,0,2,0.0,25.79,0.0007748934521503294,0.0007748934521503294,0.9992251065478497,15.473999999999998,0.6,1.0,11.98146761534008,25.987902713867506,37.74298811088568,"{0: 0.0, 1: 0.001483679525222552}",0.9999994488566529,0.0,0.001483679525222552,25,44,Ablation: Fastest Feasible,ablation,Fastest Feasible
2501,2501,2499,0,2,0.0,24.99,0.3358656537385046,0.3358656537385046,0.9992003198720512,18.839000000000002,0.753861544617847,0.3006797281087565,118.94835024925669,353.66475716330825,391.8044827201608,"{0: 0.2713114754098361, 1: 0.39734582357533177}",0.9911177423521634,0.2713114754098361,0.39734582357533177,25,42,Proposed: Feasible Utility,ablation,Proposed
2574,2574,2566,0,8,0.0,25.66,0.3356643356643357,0.3356643356643357,0.9968919968919969,19.322,0.7530007794232267,0.31546231546231546,123.90674089835011,351.15356563452383,390.7411713639867,"{0: 0.2640449438202247, 1: 0.40286144578313254}",0.9892730299400367,0.2640449438202247,0.40286144578313254,25,43,Proposed: Feasible Utility,ablation,Proposed
2581,2581,2576,0,5,0.0,25.76,0.35490120108485085,0.35490120108485085,0.9980627663696242,19.365,0.7517468944099378,0.32739248353351413,125.1891677966778,358.45506663359527,393.54409166785354,"{0: 0.2725060827250608, 1: 0.43026706231454004}",0.9854255840363242,0.2725060827250608,0.43026706231454004,25,44,Proposed: Feasible Utility,ablation,Proposed
2501,2280,2278,221,2,0.08836465413834466,22.78,0.2922830867652939,0.2236842105263158,0.9991228070175439,17.619,0.7734416154521511,0.218859649122807,104.89551757485242,346.6747451317402,383.2708914951371,"{0: 0.23442622950819672, 1: 0.3473848555815769}",0.9936958850830007,0.23442622950819672,0.3473848555815769,25,42,Proposed: Feasible Utility + Admission,ablation,Proposed + Admission
2574,2338,2331,236,7,0.09168609168609168,23.31,0.31895881895881895,0.25021385799828916,0.9970059880239521,18.014,0.7728013728013727,0.22412318220701455,118.26848322639125,346.754725631552,376.8731468825975,"{0: 0.2608346709470305, 1: 0.37349397590361444}",0.9932407846975064,0.2608346709470305,0.37349397590361444,25,43,Proposed: Feasible Utility + Admission,ablation,Proposed + Admission
2581,2355,2350,226,5,0.08756296009298721,23.5,0.32506780317706313,0.2602972399150743,0.9978768577494692,18.132,0.7715744680851063,0.23651804670912951,115.8039998975737,347.29076667528204,380.97634260897104,"{0: 0.25790754257907544, 1: 0.38649851632047477}",0.9910819215986076,0.25790754257907544,0.38649851632047477,25,44,Proposed: Feasible Utility + Admission,ablation,Proposed + Admission
2988,2039,2033,949,6,0.3176037483266399,20.33,0.5020080321285141,0.27023050514958313,0.9970573810691515,16.264,0.8000000000000002,0.0,184.26728323093266,348.1936459184755,377.9072591802577,"{0: 0.5414965986394558, 1: 0.463768115942029}",0.993931216232778,0.5414965986394558,0.463768115942029,30,42,Admission Only + Fixed Model,ablation,Admission Only + Fixed
3049,2057,2052,992,5,0.32535257461462774,20.52,0.5008199409642505,0.2600875060768109,0.997569275644142,16.416,0.8000000000000002,0.0,202.47199655301154,349.099139231731,382.6543786278936,"{0: 0.5724881995954147, 1: 0.4329501915708812}",0.9806956185351345,0.5724881995954147,0.4329501915708812,30,43,Admission Only + Fixed Model,ablation,Admission Only + Fixed
3102,2042,2038,1060,4,0.3417150225660864,20.38,0.5328820116054158,0.29040156709108716,0.9980411361410382,16.304000000000002,0.8000000000000002,0.0,224.11778537568534,353.6738849078596,394.77923820642286,"{0: 0.5885135135135136, 1: 0.48212083847102344}",0.9870641313772157,0.5885135135135136,0.48212083847102344,30,44,Admission Only + Fixed Model,ablation,Admission Only + Fixed
2988,2988,2983,0,5,0.0,29.83,0.13788487282463185,0.13788487282463185,0.9983266398929049,21.274,0.7131746563861883,0.4347389558232932,105.62970000818314,269.8150115722321,317.72619906976905,"{0: 0.23877551020408164, 1: 0.04018445322793149}",0.9868600713993371,0.23877551020408164,0.04018445322793149,30,42,Threshold Downgrade,ablation,Threshold Downgrade
3049,3049,3041,0,8,0.0,30.41,0.13611020006559527,0.13611020006559527,0.9973761889143982,21.638,0.7115422558368957,0.4434240734667104,107.39509386462305,268.6948189705654,318.84018359828616,"{0: 0.23128792987188132, 1: 0.04597701149425287}",0.9885615091393729,0.23128792987188132,0.04597701149425287,30,43,Threshold Downgrade,ablation,Threshold Downgrade
3102,3102,3098,0,4,0.0,30.98,0.15635074145712444,0.15635074145712444,0.9987105093488072,21.912,0.7072950290510006,0.46421663442940037,110.47871837906132,270.48049820824764,319.6228679816454,"{0: 0.2777027027027027, 1: 0.04562268803945746}",0.9812009513494999,0.2777027027027027,0.04562268803945746,30,44,Threshold Downgrade,ablation,Threshold Downgrade
2988,2988,2988,0,0,0.0,29.88,0.0,0.0,1.0,17.928,0.5999999999999999,1.0,12.018637415822013,28.15353438738458,40.649424049589285,"{0: 0.0, 1: 0.0}",1.0,0.0,0.0,30,42,Ablation: Fastest Feasible,ablation,Fastest Feasible
3049,3049,3049,0,0,0.0,30.49,0.0,0.0,1.0,18.293999999999997,0.5999999999999999,1.0,12.026024951657746,27.80709763962295,40.71182185209967,"{0: 0.0, 1: 0.0}",1.0,0.0,0.0,30,43,Ablation: Fastest Feasible,ablation,Fastest Feasible
3102,3102,3102,0,0,0.0,31.02,0.0,0.0,1.0,18.612,0.6,1.0,12.252043643904244,27.81696898941045,39.59293206690999,"{0: 0.0, 1: 0.0}",1.0,0.0,0.0,30,44,Ablation: Fastest Feasible,ablation,Fastest Feasible
2988,2988,2981,0,7,0.0,29.81,0.5,0.5,0.9976572958500669,21.730999999999998,0.7289835625628982,0.4484605087014726,154.4253654970962,369.05505184792855,399.51188519275945,"{0: 0.40680272108843535, 1: 0.5902503293807642}",0.9676274893704344,0.40680272108843535,0.5902503293807642,30,42,Proposed: Feasible Utility,ablation,Proposed
3049,3049,3042,0,7,0.0,30.42,0.5234503115775664,0.5234503115775664,0.9977041653000984,22.134,0.7276134122287967,0.4581830108232207,164.77358062895337,369.9088383500126,405.8819942855822,"{0: 0.43762643290627107, 1: 0.6047254150702427}",0.9704532129996342,0.43762643290627107,0.6047254150702427,30,43,Proposed: Feasible Utility,ablation,Proposed
3102,3102,3097,0,5,0.0,30.97,0.5283687943262412,0.5283687943262412,0.998388136686009,22.44,0.7245721666128512,0.48388136686009026,168.82228860464966,369.0933414360887,403.6936292829239,"{0: 0.42364864864864865, 1: 0.623921085080148}",0.9576565938672059,0.42364864864864865,0.623921085080148,30,44,Proposed: Feasible Utility,ablation,Proposed
2988,2546,2541,442,5,0.14792503346720215,25.41,0.4404283801874163,0.34328358208955223,0.9980361351139042,19.352,0.7615899252262888,0.30911233307148467,169.87480286051868,360.0298399061576,385.50465041182974,"{0: 0.3551020408163265, 1: 0.5230566534914362}",0.9780772922380879,0.3551020408163265,0.5230566534914362,30,42,Proposed: Feasible Utility + Admission,ablation,Proposed + Admission
3049,2566,2560,483,6,0.1584125942932109,25.6,0.4601508691374221,0.35853468433359315,0.9976617303195635,19.519000000000002,0.7624609375,0.3078721745908028,216.15439368875832,357.1933276976214,391.32694325544975,"{0: 0.3735670937289278, 1: 0.5421455938697318}",0.9763983345975153,0.3735670937289278,0.5421455938697318,30,43,Proposed: Feasible Utility + Admission,ablation,Proposed + Admission
3102,2648,2644,454,4,0.1463571889103804,26.44,0.4606705351386202,0.368202416918429,0.9984894259818731,20.006,0.7566565809379727,0.35196374622356497,212.33834956645296,360.2066713753558,399.6742756175424,"{0: 0.36824324324324326, 1: 0.5450061652281134}",0.974225973102039,0.36824324324324326,0.5450061652281134,30,44,Proposed: Feasible Utility + Admission,ablation,Proposed + Admission
