total_requests,accepted_requests,completed_requests,dropped_requests,unfinished_requests,drop_rate,throughput,overall_slo_miss_rate,accepted_slo_miss_rate,completion_rate,accuracy_weighted_throughput,mean_accuracy_completed,downgrade_rate,p50_latency_ms,p95_latency_ms,p99_latency_ms,per_tenant_slo_miss_rate,fairness_jain_index,tenant0_slo_miss_rate,tenant1_slo_miss_rate,arrival_rate,seed,case,experiment,workload,policy_name
973,973,973,0,0,0.0,9.73,0.024665981500513873,0.024665981500513873,1.0,7.784000000000001,0.8,0.0,54.65034028871014,142.83905756533784,196.05366399153627,"{0: 0.04935622317596566, 1: 0.0019723865877712033}",0.9994090829543567,0.04935622317596566,0.0019723865877712033,10,42,Poisson | EDF + Fixed,burstiness,Poisson,EDF + Fixed
1066,1066,1066,0,0,0.0,10.66,0.0450281425891182,0.0450281425891182,1.0,8.528,0.7999999999999999,0.0,58.5499836328745,157.55065690994388,242.91804431315322,"{0: 0.08949416342412451, 1: 0.0036231884057971015}",0.9979762118721396,0.08949416342412451,0.0036231884057971015,10,43,Poisson | EDF + Fixed,burstiness,Poisson,EDF + Fixed
1036,1036,1036,0,0,0.0,10.36,0.05019305019305019,0.05019305019305019,1.0,8.288,0.8000000000000002,0.0,58.939327610085655,157.73723540578771,255.33319114267266,"{0: 0.08687258687258688, 1: 0.013513513513513514}",0.9985108796535009,0.08687258687258688,0.013513513513513514,10,44,Poisson | EDF + Fixed,burstiness,Poisson,EDF + Fixed
973,973,973,0,0,0.0,9.73,0.024665981500513873,0.024665981500513873,1.0,7.77,0.7985611510791368,0.007194244604316547,54.602303809297155,139.9383424813655,194.32114883721627,"{0: 0.04935622317596566, 1: 0.0019723865877712033}",0.9994090829543567,0.04935622317596566,0.0019723865877712033,10,42,Poisson | EDF + Threshold Downgrade,burstiness,Poisson,EDF + Threshold Downgrade
1066,1066,1066,0,0,0.0,10.66,0.04221388367729831,0.04221388367729831,1.0,8.506,0.797936210131332,0.010318949343339587,58.214470651907504,150.93864004387024,227.01426837384335,"{0: 0.08560311284046693, 1: 0.0018115942028985507}",0.9980843078172946,0.08560311284046693,0.0018115942028985507,10,43,Poisson | EDF + Threshold Downgrade,burstiness,Poisson,EDF + Threshold Downgrade
1036,1036,1036,0,0,0.0,10.36,0.04054054054054054,0.04054054054054054,1.0,8.262,0.7974903474903475,0.012548262548262547,58.61360577405139,150.73756851557783,233.69642801364586,"{0: 0.07528957528957529, 1: 0.005791505791505791}",0.9986900251887131,0.07528957528957529,0.005791505791505791,10,44,Poisson | EDF + Threshold Downgrade,burstiness,Poisson,EDF + Threshold Downgrade
973,973,973,0,0,0.0,9.73,0.006166495375128468,0.006166495375128468,1.0,7.763000000000001,0.7978417266187051,0.020554984583761562,54.602303809297155,131.2639966438306,180.53360621855435,"{0: 0.01072961373390558, 1: 0.0019723865877712033}",0.9999805822544684,0.01072961373390558,0.0019723865877712033,10,42,Poisson | Proposed,burstiness,Poisson,Proposed
1066,1066,1066,0,0,0.0,10.66,0.0150093808630394,0.0150093808630394,1.0,8.49,0.7964352720450282,0.0300187617260788,57.22284748342645,145.8813089643154,226.26512827484444,"{0: 0.029182879377431907, 1: 0.0018115942028985507}",0.999806797565767,0.029182879377431907,0.0018115942028985507,10,43,Poisson | Proposed,burstiness,Poisson,Proposed
1036,1036,1036,0,0,0.0,10.36,0.02027027027027027,0.02027027027027027,1.0,8.249,0.7962355212355213,0.032818532818532815,58.12556107538694,144.5109589619101,233.69642801364586,"{0: 0.02895752895752896, 1: 0.011583011583011582}",0.9999213825795444,0.02895752895752896,0.011583011583011582,10,44,Poisson | Proposed,burstiness,Poisson,Proposed
1208,1208,1208,0,0,0.0,12.08,0.5066225165562914,0.5066225165562914,1.0,9.664000000000001,0.7999999999999999,0.0,156.7962116910494,519.000894520575,639.0617428901318,"{0: 0.4802065404475043, 1: 0.5311004784688995}",0.9973572264602951,0.4802065404475043,0.5311004784688995,10,42,ON-OFF | EDF + Fixed,burstiness,ON-OFF,EDF + Fixed
1175,1175,1175,0,0,0.0,11.75,0.5217021276595745,0.5217021276595745,1.0,9.4,0.7999999999999999,0.0,144.33843562380935,502.3539031370965,592.704104279826,"{0: 0.5131147540983606, 1: 0.5309734513274337}",0.9996510908548947,0.5131147540983606,0.5309734513274337,10,43,ON-OFF | EDF + Fixed,burstiness,ON-OFF,EDF + Fixed
1206,1206,1206,0,0,0.0,12.06,0.5315091210613598,0.5315091210613598,1.0,9.648000000000001,0.7999999999999999,0.0,153.89321008589104,531.4440100846004,671.793423951959,"{0: 0.5213815789473685, 1: 0.5418060200668896}",0.9995248959669306,0.5213815789473685,0.5418060200668896,10,44,ON-OFF | EDF + Fixed,burstiness,ON-OFF,EDF + Fixed
1208,1208,1208,0,0,0.0,12.08,0.1490066225165563,0.1490066225165563,1.0,8.674,0.718046357615894,0.4097682119205298,110.8634032784339,256.80452242371274,310.0917833589555,"{0: 0.2822719449225473, 1: 0.025518341307814992}",0.977497013110448,0.2822719449225473,0.025518341307814992,10,42,ON-OFF | EDF + Threshold Downgrade,burstiness,ON-OFF,EDF + Threshold Downgrade
1175,1175,1175,0,0,0.0,11.75,0.1727659574468085,0.1727659574468085,1.0,8.466000000000001,0.7205106382978722,0.3974468085106383,106.59216035029021,261.5207603019808,313.37929899715607,"{0: 0.3016393442622951, 1: 0.033628318584070796}",0.9747359215411052,0.3016393442622951,0.033628318584070796,10,43,ON-OFF | EDF + Threshold Downgrade,burstiness,ON-OFF,EDF + Threshold Downgrade
1206,1206,1206,0,0,0.0,12.06,0.1865671641791045,0.1865671641791045,1.0,8.624,0.7150912106135986,0.42454394693200664,111.32291514006283,266.3007421420248,301.4318745583623,"{0: 0.34375, 1: 0.026755852842809364}",0.9635359583146188,0.34375,0.026755852842809364,10,44,ON-OFF | EDF + Threshold Downgrade,burstiness,ON-OFF,EDF + Threshold Downgrade
1208,1208,1208,0,0,0.0,12.08,0.20364238410596028,0.20364238410596028,1.0,9.277000000000001,0.7679635761589403,0.2367549668874172,96.83955146125845,354.36196698058166,402.6398041735158,"{0: 0.0963855421686747, 1: 0.30303030303030304}",0.9836049599658379,0.0963855421686747,0.30303030303030304,10,42,ON-OFF | Proposed,burstiness,ON-OFF,Proposed
1175,1175,1175,0,0,0.0,11.75,0.2093617021276596,0.2093617021276596,1.0,8.982000000000001,0.7644255319148936,0.25957446808510637,95.74667792229502,350.6867538396163,407.24735995576424,"{0: 0.14754098360655737, 1: 0.2761061946902655}",0.993392140547528,0.14754098360655737,0.2761061946902655,10,43,ON-OFF | Proposed,burstiness,ON-OFF,Proposed
1206,1206,1206,0,0,0.0,12.06,0.23134328358208955,0.23134328358208955,1.0,9.191,0.7621061359867329,0.2678275290215589,96.91918769006224,364.6874144344242,421.7604507707461,"{0: 0.14144736842105263, 1: 0.32274247491638797}",0.9862568238188683,0.14144736842105263,0.32274247491638797,10,44,ON-OFF | Proposed,burstiness,ON-OFF,Proposed
1468,1468,1467,0,1,0.0,14.67,0.11989100817438691,0.11989100817438691,0.9993188010899182,11.736,0.7999999999999999,0.0,76.48143466243346,269.2064380504468,340.0463538655276,"{0: 0.175561797752809, 1: 0.06746031746031746}",0.9962287115932723,0.175561797752809,0.06746031746031746,15,42,Poisson | EDF + Fixed,burstiness,Poisson,EDF + Fixed
1576,1576,1576,0,0,0.0,15.76,0.19733502538071065,0.19733502538071065,1.0,12.608000000000002,0.8000000000000002,0.0,85.45190727027148,345.2507950540057,481.1590123649439,"{0: 0.2718832891246684, 1: 0.12895377128953772}",0.992074933758202,0.2718832891246684,0.12895377128953772,15,43,Poisson | EDF + Fixed,burstiness,Poisson,EDF + Fixed
1569,1569,1569,0,0,0.0,15.69,0.24537922243467178,0.24537922243467178,1.0,12.552,0.8,0.0,91.74312453676248,371.65160874539794,491.95335169815905,"{0: 0.30456852791878175, 1: 0.1856594110115237}",0.9938351587787395,0.30456852791878175,0.1856594110115237,15,44,Poisson | EDF + Fixed,burstiness,Poisson,EDF + Fixed
1468,1468,1467,0,1,0.0,14.67,0.07425068119891008,0.07425068119891008,0.9993188010899182,11.582,0.7895023858214041,0.052452316076294275,71.90206583809413,200.98005036269168,276.9245552167909,"{0: 0.14185393258426968, 1: 0.010582010582010581}",0.9949770628097221,0.14185393258426968,0.010582010582010581,15,42,Poisson | EDF + Threshold Downgrade,burstiness,Poisson,EDF + Threshold Downgrade
1576,1576,1576,0,0,0.0,15.76,0.09200507614213198,0.09200507614213198,1.0,12.394,0.7864213197969544,0.06789340101522842,75.5006499412932,212.90568590813928,296.45523335806865,"{0: 0.17374005305039789, 1: 0.0170316301703163}",0.9925535058161592,0.17374005305039789,0.0170316301703163,15,43,Poisson | EDF + Threshold Downgrade,burstiness,Poisson,EDF + Threshold Downgrade
1569,1569,1569,0,0,0.0,15.69,0.09878903760356915,0.09878903760356915,1.0,12.296000000000001,0.7836838750796685,0.0815806246016571,76.74411190090905,231.81363294738298,298.4782302501509,"{0: 0.17639593908629442, 1: 0.020486555697823303}",0.9925790152722457,0.17639593908629442,0.020486555697823303,15,44,Poisson | EDF + Threshold Downgrade,burstiness,Poisson,EDF + Threshold Downgrade
1468,1468,1467,0,1,0.0,14.67,0.030653950953678476,0.030653950953678476,0.9993188010899182,11.633,0.7929788684389911,0.06198910081743869,70.37967891674634,216.3554781304425,299.534807960692,"{0: 0.04073033707865169, 1: 0.021164021164021163}",0.9998980894912554,0.04073033707865169,0.021164021164021163,15,42,Poisson | Proposed,burstiness,Poisson,Proposed
1576,1576,1576,0,0,0.0,15.76,0.061548223350253804,0.061548223350253804,1.0,12.458,0.7904822335025382,0.07614213197969544,75.22532152953227,263.17332311352493,340.0920838384418,"{0: 0.07294429708222812, 1: 0.051094890510948905}",0.9998643646606163,0.07294429708222812,0.051094890510948905,15,43,Poisson | Proposed,burstiness,Poisson,Proposed
1569,1569,1569,0,0,0.0,15.69,0.06054811982154239,0.06054811982154239,1.0,12.371000000000002,0.7884639898024218,0.09623964308476737,76.00823843532999,267.42775881790146,338.57467093877676,"{0: 0.06725888324873096, 1: 0.05377720870678617}",0.9999485211965524,0.06725888324873096,0.05377720870678617,15,44,Poisson | Proposed,burstiness,Poisson,Proposed
1673,1673,1673,0,0,0.0,16.73,0.7973699940227137,0.7973699940227137,1.0,13.384,0.8,0.0,311.87968802916293,804.7864837984202,981.765099686272,"{0: 0.7460890493381468, 1: 0.8479809976247031}",0.9407290239171956,0.7460890493381468,0.8479809976247031,15,42,ON-OFF | EDF + Fixed,burstiness,ON-OFF,EDF + Fixed
1691,1691,1691,0,0,0.0,16.91,0.7847427557658191,0.7847427557658191,1.0,13.528000000000002,0.8000000000000002,0.0,286.85421402360953,744.4479267789247,904.7864088206157,"{0: 0.7186400937866354, 1: 0.8520286396181385}",0.9119696504617457,0.7186400937866354,0.8520286396181385,15,43,ON-OFF | EDF + Fixed,burstiness,ON-OFF,EDF + Fixed
1768,1768,1765,0,3,0.0,17.65,0.8552036199095022,0.8552036199095022,0.9983031674208145,14.12,0.8,0.0,352.7177957184904,847.2060036274091,1014.3507141762063,"{0: 0.8175824175824176, 1: 0.8951048951048951}",0.9321381110968865,0.8175824175824176,0.8951048951048951,15,44,ON-OFF | EDF + Fixed,burstiness,ON-OFF,EDF + Fixed
1673,1673,1673,0,0,0.0,16.73,0.17752540346682605,0.17752540346682605,1.0,11.228,0.6711297071129707,0.6443514644351465,123.34900104025292,277.7859018836752,335.8564215009302,"{0: 0.2996389891696751, 1: 0.057007125890736345}",0.978666207443766,0.2996389891696751,0.057007125890736345,15,42,ON-OFF | EDF + Threshold Downgrade,burstiness,ON-OFF,EDF + Threshold Downgrade
1691,1691,1691,0,0,0.0,16.91,0.17149615612063868,0.17149615612063868,1.0,11.302,0.66836191602602,0.6581904198698995,120.77992255443678,269.905203269449,309.1169411961872,"{0: 0.3048065650644783, 1: 0.03579952267303103}",0.9743927835081138,0.3048065650644783,0.03579952267303103,15,43,ON-OFF | EDF + Threshold Downgrade,burstiness,ON-OFF,EDF + Threshold Downgrade
1768,1768,1768,0,0,0.0,17.68,0.2228506787330317,0.2228506787330317,1.0,11.722000000000001,0.6630090497737555,0.6849547511312217,119.94020895747963,284.5419167095129,326.4734158917718,"{0: 0.3659340659340659, 1: 0.07109557109557109}",0.9656377861292053,0.3659340659340659,0.07109557109557109,15,44,ON-OFF | EDF + Threshold Downgrade,burstiness,ON-OFF,EDF + Threshold Downgrade
1673,1673,1673,0,0,0.0,16.73,0.44530783024506876,0.44530783024506876,1.0,12.222000000000001,0.7305439330543932,0.45546921697549314,108.9961437540187,418.1613985712376,474.3362325555825,"{0: 0.21540312876052947, 1: 0.672209026128266}",0.8556982555800198,0.21540312876052947,0.672209026128266,15,42,ON-OFF | Proposed,burstiness,ON-OFF,Proposed
1691,1691,1691,0,0,0.0,16.91,0.42046126552335894,0.42046126552335894,1.0,12.34,0.729745712596097,0.4612655233589592,108.63043175806888,411.6606143389581,457.75015249378737,"{0: 0.21688159437280188, 1: 0.6276849642004774}",0.8877769669897012,0.21688159437280188,0.6276849642004774,15,43,ON-OFF | Proposed,burstiness,ON-OFF,Proposed
1768,1768,1768,0,0,0.0,17.68,0.459841628959276,0.459841628959276,1.0,12.76,0.7217194570135747,0.5050904977375565,112.29751927657435,415.48458153489105,454.19326369148064,"{0: 0.25934065934065936, 1: 0.6724941724941725}",0.8698640051828352,0.25934065934065936,0.6724941724941725,15,44,ON-OFF | Proposed,burstiness,ON-OFF,Proposed
1954,1954,1948,0,6,0.0,19.48,0.6402251791197543,0.6402251791197543,0.9969293756397134,15.584000000000001,0.8,0.0,254.8301638418052,755.6876455393615,1007.3460822945129,"{0: 0.6810526315789474, 1: 0.601593625498008}",0.9878794184819555,0.6810526315789474,0.601593625498008,20,42,Poisson | EDF + Fixed,burstiness,Poisson,EDF + Fixed
2084,2084,2072,0,12,0.0,20.72,0.9241842610364683,0.9241842610364683,0.9942418426103646,16.576,0.8,0.0,1149.8634749587472,1889.5039697103036,2111.191320680791,"{0: 0.9323915237134208, 1: 0.9167429094236048}",0.9893555334516126,0.9323915237134208,0.9167429094236048,20,43,Poisson | EDF + Fixed,burstiness,Poisson,EDF + Fixed
2075,2075,2055,0,20,0.0,20.55,0.9281927710843374,0.9281927710843374,0.9903614457831326,16.44,0.8000000000000003,0.0,915.629344341578,1915.551639868741,2377.5238496467036,"{0: 0.9276511397423192, 1: 0.9287054409005628}",0.999946131547151,0.9276511397423192,0.9287054409005628,20,44,Poisson | EDF + Fixed,burstiness,Poisson,EDF + Fixed
1954,1954,1950,0,4,0.0,19.5,0.10184237461617196,0.10184237461617196,0.9979529170931423,14.904000000000002,0.7643076923076924,0.17860798362333674,85.0346089350096,244.11307353754273,303.2258244905289,"{0: 0.18526315789473685, 1: 0.022908366533864542}",0.991856963185579,0.18526315789473685,0.022908366533864542,20,42,Poisson | EDF + Threshold Downgrade,burstiness,Poisson,EDF + Threshold Downgrade
2084,2084,2077,0,7,0.0,20.77,0.11948176583493282,0.11948176583493282,0.996641074856046,15.852,0.7632161771786231,0.1847408829174664,92.46678294656158,254.69107391830752,321.38838345582303,"{0: 0.20686175580222, 1: 0.04025617566331199}",0.9910470131491176,0.20686175580222,0.04025617566331199,20,43,Poisson | EDF + Threshold Downgrade,burstiness,Poisson,EDF + Threshold Downgrade
2075,2075,2075,0,0,0.0,20.75,0.12385542168674699,0.12385542168674699,1.0,15.772,0.7600963855421689,0.19951807228915663,92.40083050089015,249.43075499624828,312.77408918373146,"{0: 0.22695738354806738, 1: 0.02626641651031895}",0.9869717571733257,0.22695738354806738,0.02626641651031895,20,44,Poisson | EDF + Threshold Downgrade,burstiness,Poisson,EDF + Threshold Downgrade
1954,1954,1950,0,4,0.0,19.5,0.13817809621289662,0.13817809621289662,0.9979529170931423,15.207,0.779846153846154,0.14687819856704196,89.29567089119155,322.0962636681563,361.9610137309969,"{0: 0.12526315789473685, 1: 0.150398406374502}",0.9997875635289379,0.12526315789473685,0.150398406374502,20,42,Poisson | Proposed,burstiness,Poisson,Proposed
2084,2084,2076,0,8,0.0,20.76,0.17226487523992323,0.17226487523992323,0.9961612284069098,16.113,0.7761560693641619,0.16698656429942418,94.44970788494902,324.87699568746575,372.968687526512,"{0: 0.1503531786074672, 1: 0.19213174748398903}",0.9993650839337738,0.1503531786074672,0.19213174748398903,20,43,Poisson | Proposed,burstiness,Poisson,Proposed
2075,2075,2075,0,0,0.0,20.75,0.16240963855421686,0.16240963855421686,1.0,16.04,0.7730120481927711,0.19614457831325302,91.6845282168506,328.7372371463396,370.76675256361574,"{0: 0.13082259663032705, 1: 0.19230769230769232}",0.998657366201333,0.13082259663032705,0.19230769230769232,20,44,Poisson | Proposed,burstiness,Poisson,Proposed
2144,2144,2068,0,76,0.0,20.68,0.9939365671641791,0.9939365671641791,0.9645522388059702,16.544,0.8000000000000002,0.0,2128.925855946487,3567.0804790018174,4039.104070077303,"{0: 0.9914772727272727, 1: 0.9963235294117647}",0.8636952998379239,0.9914772727272727,0.9963235294117647,20,42,ON-OFF | EDF + Fixed,burstiness,ON-OFF,EDF + Fixed
2240,2240,2084,0,156,0.0,20.84,0.9977678571428571,0.9977678571428571,0.9303571428571429,16.672,0.8,0.0,3330.055395065405,6401.6442947689175,6975.931709808517,"{0: 0.9963735267452403, 1: 0.9991204925241864}",0.7290518208076568,0.9963735267452403,0.9991204925241864,20,43,ON-OFF | EDF + Fixed,burstiness,ON-OFF,EDF + Fixed
2229,2229,2073,0,156,0.0,20.73,0.9973082099596231,0.9973082099596231,0.9300134589502019,16.584,0.8,0.0,3944.441994482404,7884.671595919077,8169.375544053256,"{0: 0.9955156950672646, 1: 0.9991023339317774}",0.6924670243467799,0.9955156950672646,0.9991023339317774,20,44,ON-OFF | EDF + Fixed,burstiness,ON-OFF,EDF + Fixed
2144,2144,2144,0,0,0.0,21.44,0.2019589552238806,0.2019589552238806,1.0,13.852,0.6460820895522387,0.769589552238806,129.89643379880363,294.0275014629165,333.7455179142388,"{0: 0.32386363636363635, 1: 0.08363970588235294}",0.9777513380717077,0.32386363636363635,0.08363970588235294,20,42,ON-OFF | EDF + Threshold Downgrade,burstiness,ON-OFF,EDF + Threshold Downgrade
2240,2240,2240,0,0,0.0,22.4,0.18214285714285713,0.18214285714285713,1.0,14.402000000000001,0.6429464285714285,0.7852678571428572,135.98294109825656,291.0139388119518,325.95466204195577,"{0: 0.3055303717135086, 1: 0.06244503078276165}",0.9782962622164112,0.3055303717135086,0.06244503078276165,20,43,ON-OFF | EDF + Threshold Downgrade,burstiness,ON-OFF,EDF + Threshold Downgrade
2229,2229,2229,0,0,0.0,22.29,0.23912068192014357,0.23912068192014357,1.0,14.344000000000001,0.6435172723194257,0.7824136384028713,140.2635131154966,296.2097813846485,340.71983230308507,"{0: 0.38923766816143496, 1: 0.08886894075403949}",0.9625074427450695,0.38923766816143496,0.08886894075403949,20,44,ON-OFF | EDF + Threshold Downgrade,burstiness,ON-OFF,EDF + Threshold Downgrade
2144,2144,2144,0,0,0.0,21.44,0.5694962686567164,0.5694962686567164,1.0,15.019,0.7005130597014924,0.6077425373134329,153.57158801340483,449.7387361655513,494.7151357904526,"{0: 0.30492424242424243, 1: 0.8262867647058824}",0.7352275605954133,0.30492424242424243,0.8262867647058824,20,42,ON-OFF | Proposed,burstiness,ON-OFF,Proposed
2240,2240,2240,0,0,0.0,22.4,0.603125,0.603125,1.0,15.559000000000001,0.6945982142857142,0.6308035714285715,166.4108368801526,452.1713351165898,500.9793536952732,"{0: 0.3318223028105168, 1: 0.8663148636763413}",0.6923735714399113,0.3318223028105168,0.8663148636763413,20,43,ON-OFF | Proposed,burstiness,ON-OFF,Proposed
2229,2229,2229,0,0,0.0,22.29,0.5877074921489457,0.5877074921489457,1.0,15.499,0.6953342305966801,0.6352624495289367,144.06142297982296,447.8682793685148,492.5018215860031,"{0: 0.33004484304932735, 1: 0.8456014362657092}",0.718838051749467,0.33004484304932735,0.8456014362657092,20,44,ON-OFF | Proposed,burstiness,ON-OFF,Proposed
2501,2501,2076,0,425,0.0,20.76,0.9884046381447421,0.9884046381447421,0.8300679728108756,16.608,0.8,0.0,7375.21843292256,14367.746020798782,15493.127791445695,"{0: 0.989344262295082, 1: 0.9875097580015613}",0.9937573829050068,0.989344262295082,0.9875097580015613,25,42,Poisson | EDF + Fixed,burstiness,Poisson,EDF + Fixed
2574,2574,2084,0,490,0.0,20.84,0.9972804972804973,0.9972804972804973,0.8096348096348096,16.672,0.8,0.0,11096.634593858016,18748.434401779385,19562.68170380922,"{0: 0.9959871589085072, 1: 0.9984939759036144}",0.8289660145642339,0.9959871589085072,0.9984939759036144,25,43,Poisson | EDF + Fixed,burstiness,Poisson,EDF + Fixed
2581,2581,2071,0,510,0.0,20.71,0.9957380860131732,0.9957380860131732,0.802402169701666,16.568,0.8,0.0,10034.033832033601,19029.42334417736,20040.200408976296,"{0: 0.9951338199513382, 1: 0.9962908011869436}",0.9821223030253577,0.9951338199513382,0.9962908011869436,25,44,Poisson | EDF + Fixed,burstiness,Poisson,EDF + Fixed
2501,2501,2499,0,2,0.0,24.99,0.13714514194322272,0.13714514194322272,0.9992003198720512,18.366,0.7349339735894357,0.32506997201119553,99.1552378995475,269.4683015812772,324.79161282472046,"{0: 0.22950819672131148, 1: 0.04918032786885246}",0.9891440875650458,0.22950819672131148,0.04918032786885246,25,42,Poisson | EDF + Threshold Downgrade,burstiness,Poisson,EDF + Threshold Downgrade
2574,2574,2569,0,5,0.0,25.69,0.1351981351981352,0.1351981351981352,0.9980574980574981,18.89,0.7353055663682366,0.3243978243978244,101.82327134477964,271.2518388251599,322.79041513588356,"{0: 0.23434991974317818, 1: 0.04216867469879518}",0.9877187632146108,0.23434991974317818,0.04216867469879518,25,43,Poisson | EDF + Threshold Downgrade,burstiness,Poisson,EDF + Threshold Downgrade
2581,2581,2576,0,5,0.0,25.76,0.1557535838822162,0.1557535838822162,0.9980627663696242,18.918,0.7343944099378881,0.3277799302595893,105.75200513167329,272.23349965680245,330.9588451963118,"{0: 0.27169505271695055, 1: 0.04970326409495549}",0.9828110813255657,0.27169505271695055,0.04970326409495549,25,44,Poisson | EDF + Threshold Downgrade,burstiness,Poisson,EDF + Threshold Downgrade
2501,2501,2499,0,2,0.0,24.99,0.3358656537385046,0.3358656537385046,0.9992003198720512,18.839000000000002,0.753861544617847,0.3006797281087565,118.94835024925669,353.66475716330825,391.8044827201608,"{0: 0.2713114754098361, 1: 0.39734582357533177}",0.9911177423521634,0.2713114754098361,0.39734582357533177,25,42,Poisson | Proposed,burstiness,Poisson,Proposed
2574,2574,2566,0,8,0.0,25.66,0.3356643356643357,0.3356643356643357,0.9968919968919969,19.322,0.7530007794232267,0.31546231546231546,123.90674089835011,351.15356563452383,390.7411713639867,"{0: 0.2640449438202247, 1: 0.40286144578313254}",0.9892730299400367,0.2640449438202247,0.40286144578313254,25,43,Poisson | Proposed,burstiness,Poisson,Proposed
2581,2581,2576,0,5,0.0,25.76,0.35490120108485085,0.35490120108485085,0.9980627663696242,19.365,0.7517468944099378,0.32739248353351413,125.1891677966778,358.45506663359527,393.54409166785354,"{0: 0.2725060827250608, 1: 0.43026706231454004}",0.9854255840363242,0.2725060827250608,0.43026706231454004,25,44,Poisson | Proposed,burstiness,Poisson,Proposed
2678,2678,2076,0,602,0.0,20.76,0.9992531740104555,0.9992531740104555,0.7752053771471247,16.608,0.8,0.0,10574.868796607698,20563.82643814983,21771.78701707676,"{0: 0.998501872659176, 1: 1.0}",0.5,0.998501872659176,1.0,25,42,ON-OFF | EDF + Fixed,burstiness,ON-OFF,EDF + Fixed
2711,2711,2084,0,627,0.0,20.84,0.9992622648469199,0.9992622648469199,0.7687200295094061,16.672,0.8,0.0,13296.22535773195,22686.055398941633,23496.937094968594,"{0: 0.9992553983618764, 1: 0.9992690058479532}",0.999914967675472,0.9992553983618764,0.9992690058479532,25,43,ON-OFF | EDF + Fixed,burstiness,ON-OFF,EDF + Fixed
2716,2716,2073,0,643,0.0,20.73,0.9992636229749632,0.9992636229749632,0.7632547864506627,16.584,0.8,0.0,12548.521807024234,24006.099656842904,24897.0857897302,"{0: 0.9992565055762082, 1: 0.9992706053975201}",0.9999083679574126,0.9992565055762082,0.9992706053975201,25,44,ON-OFF | EDF + Fixed,burstiness,ON-OFF,EDF + Fixed
2678,2678,2678,0,0,0.0,26.78,0.30246452576549665,0.30246452576549665,1.0,16.976,0.6339058999253173,0.830470500373413,148.293598518846,332.1756841001072,376.20525480254884,"{0: 0.37453183520599254, 1: 0.2308265078183172}",0.9894940900204028,0.37453183520599254,0.2308265078183172,25,42,ON-OFF | EDF + Threshold Downgrade,burstiness,ON-OFF,EDF + Threshold Downgrade
2711,2711,2711,0,0,0.0,27.11,0.2914053854666175,0.2914053854666175,1.0,17.174,0.633493175949834,0.83253412025083,151.55818826774157,320.0068470025799,356.12451890475717,"{0: 0.4058078927773641, 1: 0.179093567251462}",0.9749747778686019,0.4058078927773641,0.179093567251462,25,43,ON-OFF | EDF + Threshold Downgrade,burstiness,ON-OFF,EDF + Threshold Downgrade
2716,2716,2716,0,0,0.0,27.16,0.31885125184094254,0.31885125184094254,1.0,17.186,0.6327687776141384,0.8361561119293078,153.18781421941208,344.0824286631105,382.1049518669728,"{0: 0.379182156133829, 1: 0.25966447848285923}",0.9923490628760473,0.379182156133829,0.25966447848285923,25,44,ON-OFF | EDF + Threshold Downgrade,burstiness,ON-OFF,EDF + Threshold Downgrade
2678,2678,2678,0,0,0.0,26.78,0.6381628080657207,0.6381628080657207,1.0,18.145,0.6775578790141896,0.7150858849887977,192.70036599987543,475.30895982883595,547.0852007942054,"{0: 0.3543071161048689, 1: 0.9203276247207743}",0.6215400379814974,0.3543071161048689,0.9203276247207743,25,42,ON-OFF | Proposed,burstiness,ON-OFF,Proposed
2711,2711,2711,0,0,0.0,27.11,0.6414607156030985,0.6414607156030985,1.0,18.296,0.6748801180376245,0.7196606418295832,186.8532689359381,460.9823097496301,507.8054694654377,"{0: 0.3678332092330603, 1: 0.9100877192982456}",0.6394086325218268,0.3678332092330603,0.9100877192982456,25,43,ON-OFF | Proposed,burstiness,ON-OFF,Proposed
2716,2716,2716,0,0,0.0,27.16,0.6796759941089838,0.6796759941089838,1.0,18.319000000000003,0.6744845360824742,0.7231222385861561,221.13004674663534,486.4358651921393,511.4356451811516,"{0: 0.43866171003717475, 1: 0.9161196207148067}",0.6461655383912474,0.43866171003717475,0.9161196207148067,25,44,ON-OFF | Proposed,burstiness,ON-OFF,Proposed
2988,2988,2076,0,912,0.0,20.76,0.9959839357429718,0.9959839357429718,0.6947791164658634,16.608,0.8,0.0,14419.40736223739,27751.164202016604,29372.978423948218,"{0: 0.9952380952380953, 1: 0.9967061923583662}",0.9678551049305781,0.9952380952380953,0.9967061923583662,30,42,Poisson | EDF + Fixed,burstiness,Poisson,EDF + Fixed
3049,3049,2084,0,965,0.0,20.84,0.9983601180714988,0.9983601180714988,0.6835027877992784,16.672,0.8,0.0,17643.23515400068,31415.271402126004,32744.09494585335,"{0: 0.9973027646662171, 1: 0.9993614303959132}",0.7241840713073029,0.9973027646662171,0.9993614303959132,30,43,Poisson | EDF + Fixed,burstiness,Poisson,EDF + Fixed
3102,3102,2072,0,1030,0.0,20.72,0.9974210186976145,0.9974210186976145,0.6679561573178594,16.576,0.8,0.0,16614.87255298206,31704.76373683403,33134.267680771605,"{0: 0.9966216216216216, 1: 0.9981504315659679}",0.9212213270757548,0.9966216216216216,0.9981504315659679,30,44,Poisson | EDF + Fixed,burstiness,Poisson,EDF + Fixed
2988,2988,2983,0,5,0.0,29.83,0.13788487282463185,0.13788487282463185,0.9983266398929049,21.274,0.7131746563861883,0.4347389558232932,105.62970000818314,269.8150115722321,317.72619906976905,"{0: 0.23877551020408164, 1: 0.04018445322793149}",0.9868600713993371,0.23877551020408164,0.04018445322793149,30,42,Poisson | EDF + Threshold Downgrade,burstiness,Poisson,EDF + Threshold Downgrade
3049,3049,3041,0,8,0.0,30.41,0.13611020006559527,0.13611020006559527,0.9973761889143982,21.638,0.7115422558368957,0.4434240734667104,107.39509386462305,268.6948189705654,318.84018359828616,"{0: 0.23128792987188132, 1: 0.04597701149425287}",0.9885615091393729,0.23128792987188132,0.04597701149425287,30,43,Poisson | EDF + Threshold Downgrade,burstiness,Poisson,EDF + Threshold Downgrade
3102,3102,3098,0,4,0.0,30.98,0.15635074145712444,0.15635074145712444,0.9987105093488072,21.912,0.7072950290510006,0.46421663442940037,110.47871837906132,270.48049820824764,319.6228679816454,"{0: 0.2777027027027027, 1: 0.04562268803945746}",0.9812009513494999,0.2777027027027027,0.04562268803945746,30,44,Poisson | EDF + Threshold Downgrade,burstiness,Poisson,EDF + Threshold Downgrade
2988,2988,2981,0,7,0.0,29.81,0.5,0.5,0.9976572958500669,21.730999999999998,0.7289835625628982,0.4484605087014726,154.4253654970962,369.05505184792855,399.51188519275945,"{0: 0.40680272108843535, 1: 0.5902503293807642}",0.9676274893704344,0.40680272108843535,0.5902503293807642,30,42,Poisson | Proposed,burstiness,Poisson,Proposed
3049,3049,3042,0,7,0.0,30.42,0.5234503115775664,0.5234503115775664,0.9977041653000984,22.134,0.7276134122287967,0.4581830108232207,164.77358062895337,369.9088383500126,405.8819942855822,"{0: 0.43762643290627107, 1: 0.6047254150702427}",0.9704532129996342,0.43762643290627107,0.6047254150702427,30,43,Poisson | Proposed,burstiness,Poisson,Proposed
3102,3102,3097,0,5,0.0,30.97,0.5283687943262412,0.5283687943262412,0.998388136686009,22.44,0.7245721666128512,0.48388136686009026,168.82228860464966,369.0933414360887,403.6936292829239,"{0: 0.42364864864864865, 1: 0.623921085080148}",0.9576565938672059,0.42364864864864865,0.623921085080148,30,44,Poisson | Proposed,burstiness,Poisson,Proposed
3188,3188,2076,0,1112,0.0,20.76,0.9993726474278545,0.9993726474278545,0.6511919698870765,16.608,0.8,0.0,16836.2123018618,32347.750419888842,34066.63928969299,"{0: 0.9987349778621126, 1: 1.0}",0.5,0.9987349778621126,1.0,30,42,ON-OFF | EDF + Fixed,burstiness,ON-OFF,EDF + Fixed
3243,3243,2084,0,1159,0.0,20.84,0.9993832870798643,0.9993832870798643,0.6426148627813753,16.672,0.8,0.0,18633.494992311043,34571.9709235186,36238.116996328165,"{0: 0.9993658845909955, 1: 0.9993997599039616}",0.9992474087812113,0.9993658845909955,0.9993997599039616,30,43,ON-OFF | EDF + Fixed,burstiness,ON-OFF,EDF + Fixed
3206,3206,2073,0,1133,0.0,20.73,0.9993761696818465,0.9993761696818465,0.6466001247660637,16.584,0.8,0.0,17742.230117368625,35828.08805449807,37286.67045451385,"{0: 0.9993630573248408, 1: 0.9993887530562348}",0.9995763796447488,0.9993630573248408,0.9993887530562348,30,44,ON-OFF | EDF + Fixed,burstiness,ON-OFF,EDF + Fixed
3188,3188,3188,0,0,0.0,31.88,0.414366373902133,0.414366373902133,1.0,19.983999999999998,0.6268506900878292,0.8657465495608532,161.68544778528485,368.8291168221654,417.3578185197649,"{0: 0.43263757115749524, 1: 0.39639079029247043}",0.9990427393659703,0.43263757115749524,0.39639079029247043,30,42,ON-OFF | EDF + Threshold Downgrade,burstiness,ON-OFF,EDF + Threshold Downgrade
3243,3243,3243,0,0,0.0,32.43,0.3845205057045945,0.3845205057045945,1.0,20.296,0.6258402713536847,0.8707986432315757,172.34914703993127,367.9167387032298,408.78967335216987,"{0: 0.37412809131261887, 1: 0.3943577430972389}",0.9997302379711985,0.37412809131261887,0.3943577430972389,30,43,ON-OFF | EDF + Threshold Downgrade,burstiness,ON-OFF,EDF + Threshold Downgrade
3206,3206,3206,0,0,0.0,32.06,0.44666250779787897,0.44666250779787897,1.0,20.092,0.626699937616968,0.8665003119151591,168.80722859190428,374.43290674576565,424.7651676297485,"{0: 0.45987261146496816, 1: 0.4339853300733496}",0.9994525893089174,0.45987261146496816,0.4339853300733496,30,44,ON-OFF | EDF + Threshold Downgrade,burstiness,ON-OFF,EDF + Threshold Downgrade
3188,3188,3188,0,0,0.0,31.88,0.7120451693851945,0.7120451693851945,1.0,21.066,0.6607904642409033,0.7757214554579673,269.1661012989616,503.39882805096835,558.0002828902063,"{0: 0.46995572422517395, 1: 0.9502177971375233}",0.5930995955059459,0.46995572422517395,0.9502177971375233,30,42,ON-OFF | Proposed,burstiness,ON-OFF,Proposed
3243,3243,3243,0,0,0.0,32.43,0.7166204131976565,0.7166204131976565,1.0,21.416999999999998,0.6604070305272894,0.7764415664508172,289.1704620904202,513.7390706065795,555.686253550647,"{0: 0.4654407102092581, 1: 0.9543817527010804}",0.584721061668783,0.4654407102092581,0.9543817527010804,30,43,ON-OFF | Proposed,burstiness,ON-OFF,Proposed
3206,3206,3206,0,0,0.0,32.06,0.7267623206487835,0.7267623206487835,1.0,21.158,0.6599500935745475,0.7741734248284466,280.68748153261186,508.6536632422867,546.4024095197501,"{0: 0.49554140127388535, 1: 0.9486552567237164}",0.6007382742074453,0.49554140127388535,0.9486552567237164,30,44,ON-OFF | Proposed,burstiness,ON-OFF,Proposed
