total_requests,accepted_requests,completed_requests,dropped_requests,unfinished_requests,drop_rate,throughput,overall_slo_miss_rate,accepted_slo_miss_rate,completion_rate,accuracy_weighted_throughput,mean_accuracy_completed,downgrade_rate,p50_latency_ms,p95_latency_ms,p99_latency_ms,per_tenant_slo_miss_rate,fairness_jain_index,arrival_rate,seed,case,family,param_value
1468,1463,1462,5,1,0.0034059945504087193,14.62,0.0326975476839237,0.02939166097060834,0.9993164730006835,11.603,0.7936388508891928,0.05809979494190021,71.90268100252615,220.28191416619563,296.9012800137446,"{0: 0.047752808988764044, 1: 0.018518518518518517}",0.9997714954814931,15,42,model_switch_overhead_ms=0,model_switch_overhead_ms,0.0
1576,1562,1562,14,0,0.008883248730964468,15.62,0.06091370558375635,0.052496798975672214,1.0,12.371000000000002,0.7919974391805379,0.06978233034571063,74.18729260365217,250.42373810390654,329.37264728396224,"{0: 0.07294429708222812, 1: 0.049878345498783457}",0.9998490383718149,15,43,model_switch_overhead_ms=0,model_switch_overhead_ms,0.0
1569,1556,1556,13,0,0.0082855321861058,15.56,0.06246016571064372,0.05462724935732648,1.0,12.294,0.7901028277634962,0.08611825192802057,76.87928976385592,268.50689758556473,330.5109608007011,"{0: 0.06979695431472081, 1: 0.05505761843790013}",0.9999382184089232,15,44,model_switch_overhead_ms=0,model_switch_overhead_ms,0.0
1468,1461,1460,7,1,0.004768392370572207,14.6,0.04223433242506812,0.03764544832306639,0.999315537303217,11.579,0.793082191780822,0.06228610540725531,72.55337658758071,217.37197876449042,304.5817063952198,"{0: 0.06179775280898876, 1: 0.023809523809523808}",0.9996063909737744,15,42,model_switch_overhead_ms=5,model_switch_overhead_ms,5.0
1576,1557,1557,19,0,0.012055837563451776,15.57,0.08058375634517767,0.06936416184971098,1.0,12.328,0.7917790622992935,0.07064868336544637,75.76100253178447,266.85166778193974,347.5149746788025,"{0: 0.10742705570291777, 1: 0.05596107055961071}",0.9992153699968264,15,43,model_switch_overhead_ms=5,model_switch_overhead_ms,5.0
1569,1555,1555,14,0,0.008922880815806247,15.55,0.09560229445506692,0.08745980707395498,1.0,12.271,0.7891318327974276,0.09389067524115756,79.94085051912407,287.6489752037947,345.97774047299464,"{0: 0.1116751269035533, 1: 0.0793854033290653}",0.9996814759498786,15,44,model_switch_overhead_ms=5,model_switch_overhead_ms,5.0
1468,1463,1462,5,1,0.0034059945504087193,14.62,0.05653950953678474,0.05331510594668489,0.9993164730006835,11.586000000000002,0.7924760601915184,0.06903622693096377,74.69449429652377,231.76371518220841,311.62504543385705,"{0: 0.08426966292134831, 1: 0.03042328042328042}",0.9991849302918545,15,42,model_switch_overhead_ms=10,model_switch_overhead_ms,10.0
1576,1558,1558,18,0,0.011421319796954314,15.58,0.10215736040609137,0.09178433889602054,1.0,12.324000000000002,0.7910141206675225,0.07702182284980745,78.39656409965573,275.10804610078407,357.2369338040604,"{0: 0.1419098143236074, 1: 0.06569343065693431}",0.9981951387146062,15,43,model_switch_overhead_ms=10,model_switch_overhead_ms,10.0
1569,1552,1552,17,0,0.010834926704907584,15.52,0.12300828553218611,0.1134020618556701,1.0,12.241000000000001,0.7887242268041237,0.10115979381443299,82.10502733856993,296.8183769118389,358.25022286867096,"{0: 0.15101522842639595, 1: 0.09475032010243278}",0.9989723306150124,15,44,model_switch_overhead_ms=10,model_switch_overhead_ms,10.0
1468,1458,1457,10,1,0.006811989100817439,14.57,0.11171662125340599,0.1056241426611797,0.9993141289437586,11.533,0.7915579958819492,0.07613168724279835,76.97821356846543,257.3384689533196,341.4278613202577,"{0: 0.16573033707865167, 1: 0.06084656084656084}",0.9965144164824123,15,42,model_switch_overhead_ms=20,model_switch_overhead_ms,20.0
1576,1550,1550,26,0,0.01649746192893401,15.5,0.15545685279187818,0.14129032258064517,1.0,12.25,0.7903225806451613,0.08451612903225807,81.05524740614965,304.166840487111,373.8969004150606,"{0: 0.20822281167108753, 1: 0.1070559610705596}",0.9964070006810555,15,43,model_switch_overhead_ms=20,model_switch_overhead_ms,20.0
1569,1538,1538,31,0,0.019757807520713832,15.38,0.207138304652645,0.19115734720416125,1.0,12.086000000000002,0.7858257477243172,0.1235370611183355,86.92287732189288,335.6817148368105,407.3153253398264,"{0: 0.25761421319796957, 1: 0.15620998719590268}",0.9959295904738316,15,44,model_switch_overhead_ms=20,model_switch_overhead_ms,20.0
1954,1897,1893,57,4,0.02917093142272262,18.93,0.1299897645854657,0.10384818133895625,0.9978914074855034,14.892999999999999,0.7867406233491813,0.1191354770690564,86.18302497183322,312.54641380527454,348.0167743061401,"{0: 0.12105263157894737, 1: 0.13844621513944222}",0.9999001412478367,20,42,model_switch_overhead_ms=0,model_switch_overhead_ms,0.0
2084,2015,2008,69,7,0.033109404990403074,20.08,0.14587332053742802,0.11662531017369727,0.9965260545905708,15.747,0.7842131474103587,0.13647642679900746,90.77603507178719,318.68463402746545,353.8205167037025,"{0: 0.12714429868819374, 1: 0.16285452881976212}",0.9995640836843404,20,43,model_switch_overhead_ms=0,model_switch_overhead_ms,0.0
2075,2008,2008,67,0,0.03228915662650603,20.08,0.1566265060240964,0.12848605577689243,1.0,15.689,0.7813247011952191,0.16085657370517928,90.29543789000672,325.3143850142773,368.42448271052143,"{0: 0.13280475718533202, 1: 0.17917448405253283}",0.9992459747024398,20,44,model_switch_overhead_ms=0,model_switch_overhead_ms,0.0
1954,1883,1880,71,3,0.036335721596724664,18.8,0.1780962128966223,0.14710568242166755,0.9984067976633032,14.765,0.7853723404255322,0.12214551248008497,91.28086281531432,323.3472707685754,365.14015436424205,"{0: 0.18947368421052632, 1: 0.16733067729083664}",0.9998184418337754,20,42,model_switch_overhead_ms=5,model_switch_overhead_ms,5.0
2084,1997,1990,87,7,0.041746641074856046,19.9,0.21449136276391556,0.18027040560841262,0.9964947421131698,15.581000000000001,0.7829648241206031,0.14271407110665998,95.79089456116344,334.81108905451447,379.05319381434623,"{0: 0.20282542885973764, 1: 0.2250686184812443}",0.9997998555397867,20,43,model_switch_overhead_ms=5,model_switch_overhead_ms,5.0
2075,1988,1988,87,0,0.041927710843373496,19.88,0.22120481927710844,0.18712273641851107,1.0,15.513,0.7803319919517103,0.16498993963782696,94.1736627564078,338.0471382173594,382.2682038297913,"{0: 0.21110009910802774, 1: 0.23076923076923078}",0.9998406715169447,20,44,model_switch_overhead_ms=5,model_switch_overhead_ms,5.0
1954,1871,1867,83,4,0.04247697031729785,18.67,0.2323439099283521,0.1982896846606093,0.9978621058257616,14.637,0.7839850026780933,0.1362907536076964,95.14904310239217,338.6406052385457,381.1236624475931,"{0: 0.24947368421052632, 1: 0.21613545816733068}",0.9995281456128273,20,42,model_switch_overhead_ms=10,model_switch_overhead_ms,10.0
2084,1974,1968,110,6,0.052783109404990404,19.68,0.2763915547024952,0.23606889564336372,0.9969604863221885,15.383,0.7816565040650407,0.15704154002026344,101.33772338645758,352.3082548816541,395.37042144448634,"{0: 0.28557013118062563, 1: 0.26806953339432754}",0.9998536174923284,20,43,model_switch_overhead_ms=10,model_switch_overhead_ms,10.0
2075,1964,1964,111,0,0.05349397590361446,19.64,0.2862650602409639,0.24592668024439918,1.0,15.298,0.7789205702647659,0.17973523421588594,101.95515712712779,348.48221777271885,396.3220316110971,"{0: 0.3072348860257681, 1: 0.26641651031894936}",0.9991817150703932,20,44,model_switch_overhead_ms=10,model_switch_overhead_ms,10.0
1954,1838,1834,116,4,0.0593654042988741,18.34,0.3203684749232344,0.27747551686615884,0.9978237214363439,14.367,0.7833696837513632,0.14036996735582155,104.08431347226633,370.3069761614766,415.34121973280685,"{0: 0.34842105263157896, 1: 0.29382470119521914}",0.9983857036845046,20,42,model_switch_overhead_ms=20,model_switch_overhead_ms,20.0
2084,1920,1913,164,7,0.07869481765834933,19.13,0.4006717850287908,0.3494791666666667,0.9963541666666667,14.889000000000001,0.7783063251437533,0.1796875,117.83434867866163,377.5601154097301,426.223507374387,"{0: 0.4520686175580222, 1: 0.35407136322049404}",0.9933072499782699,20,43,model_switch_overhead_ms=20,model_switch_overhead_ms,20.0
2075,1899,1899,176,0,0.08481927710843373,18.99,0.41542168674698793,0.36124275934702477,1.0,14.741000000000001,0.7762506582411797,0.1922064244339126,118.64422089053551,385.4532559316249,429.1951137739251,"{0: 0.4618434093161546, 1: 0.3714821763602251}",0.9940369632926274,20,44,model_switch_overhead_ms=20,model_switch_overhead_ms,20.0
2501,2280,2278,221,2,0.08836465413834466,22.78,0.2922830867652939,0.2236842105263158,0.9991228070175439,17.619,0.7734416154521511,0.218859649122807,104.89551757485242,346.6747451317402,383.2708914951371,"{0: 0.23442622950819672, 1: 0.3473848555815769}",0.9936958850830007,25,42,model_switch_overhead_ms=0,model_switch_overhead_ms,0.0
2574,2338,2331,236,7,0.09168609168609168,23.31,0.31895881895881895,0.25021385799828916,0.9970059880239521,18.014,0.7728013728013727,0.22412318220701455,118.26848322639125,346.754725631552,376.8731468825975,"{0: 0.2608346709470305, 1: 0.37349397590361444}",0.9932407846975064,25,43,model_switch_overhead_ms=0,model_switch_overhead_ms,0.0
2581,2355,2350,226,5,0.08756296009298721,23.5,0.32506780317706313,0.2602972399150743,0.9978768577494692,18.132,0.7715744680851063,0.23651804670912951,115.8039998975737,347.29076667528204,380.97634260897104,"{0: 0.25790754257907544, 1: 0.38649851632047477}",0.9910819215986076,25,44,model_switch_overhead_ms=0,model_switch_overhead_ms,0.0
2501,2229,2227,272,2,0.10875649740103958,22.27,0.4026389444222311,0.3297442799461642,0.9991027366532077,17.202,0.7724292770543331,0.22521310004486317,114.3838889641338,355.42489344309064,384.6591647022095,"{0: 0.3622950819672131, 1: 0.4410616705698673}",0.9956860302255048,25,42,model_switch_overhead_ms=5,model_switch_overhead_ms,5.0
2574,2288,2281,286,7,0.1111111111111111,22.81,0.43006993006993005,0.35882867132867136,0.9969405594405595,17.556,0.7696624287593159,0.24125874125874125,125.36669789277948,354.3314970307074,387.0440512149376,"{0: 0.3780096308186196, 1: 0.4789156626506024}",0.9922676084073424,25,43,model_switch_overhead_ms=5,model_switch_overhead_ms,5.0
2581,2299,2294,282,5,0.10925997675319643,22.94,0.4347152266563348,0.36537625054371464,0.9978251413658112,17.656000000000002,0.7696599825632083,0.2557633753806003,132.0486738503505,367.23475704749035,403.70004899355587,"{0: 0.36658556366585565, 1: 0.4970326409495549}",0.9869942679889457,25,44,model_switch_overhead_ms=5,model_switch_overhead_ms,5.0
2501,2174,2171,327,3,0.13074770091963214,21.71,0.5005997600959616,0.4254829806807728,0.9986200551977921,16.719,0.7701059419622295,0.24333026678932843,136.09860998425393,373.6666230257024,419.9179959774834,"{0: 0.4737704918032787, 1: 0.5261514441842311}",0.9972641694579786,25,42,model_switch_overhead_ms=10,model_switch_overhead_ms,10.0
2574,2223,2217,351,6,0.13636363636363635,22.17,0.5240870240870241,0.4489428699955016,0.9973009446693657,17.062,0.7695985566080288,0.2501124606387764,167.29901074092777,370.5776969731625,397.516222295519,"{0: 0.507223113964687, 1: 0.5399096385542169}",0.9988246642339933,25,43,model_switch_overhead_ms=10,model_switch_overhead_ms,10.0
2581,2246,2240,335,6,0.12979465323518016,22.4,0.5327392483533514,0.4630454140694568,0.9973285841495992,17.187,0.7672767857142856,0.2769367764915405,171.2544108282018,381.3161247937946,409.0409270202763,"{0: 0.48742903487429035, 1: 0.5741839762611276}",0.9915252235084818,25,44,model_switch_overhead_ms=10,model_switch_overhead_ms,10.0
2501,2058,2055,443,3,0.17712914834066373,20.55,0.6449420231907237,0.5685131195335277,0.9985422740524781,15.758,0.7668126520681267,0.27648202137998057,182.76593171369313,408.32870727029075,445.41907772073,"{0: 0.660655737704918, 1: 0.629976580796253}",0.998133050884889,25,42,model_switch_overhead_ms=20,model_switch_overhead_ms,20.0
2574,2089,2082,485,7,0.18842268842268842,20.82,0.6705516705516705,0.5940641455241742,0.996649114408808,15.953,0.7662343900096062,0.2809956917185256,233.7498566603208,408.45574010772066,441.2969770761137,"{0: 0.6749598715890851, 1: 0.6664156626506024}",0.9998317345627359,25,43,model_switch_overhead_ms=20,model_switch_overhead_ms,20.0
2581,2111,2106,470,5,0.1820999612553274,21.06,0.6985664471135219,0.6314542870677404,0.9976314542870678,16.03,0.7611585944919278,0.3131217432496447,249.25087309858463,424.68339573656885,469.72503444677227,"{0: 0.6901865369018654, 1: 0.7062314540059347}",0.9992938522197664,25,44,model_switch_overhead_ms=20,model_switch_overhead_ms,20.0
2988,2546,2541,442,5,0.14792503346720215,25.41,0.4404283801874163,0.34328358208955223,0.9980361351139042,19.352,0.7615899252262888,0.30911233307148467,169.87480286051868,360.0298399061576,385.50465041182974,"{0: 0.3551020408163265, 1: 0.5230566534914362}",0.9780772922380879,30,42,model_switch_overhead_ms=0,model_switch_overhead_ms,0.0
3049,2566,2560,483,6,0.1584125942932109,25.6,0.4601508691374221,0.35853468433359315,0.9976617303195635,19.519000000000002,0.7624609375,0.3078721745908028,216.15439368875832,357.1933276976214,391.32694325544975,"{0: 0.3735670937289278, 1: 0.5421455938697318}",0.9763983345975153,30,43,model_switch_overhead_ms=0,model_switch_overhead_ms,0.0
3102,2648,2644,454,4,0.1463571889103804,26.44,0.4606705351386202,0.368202416918429,0.9984894259818731,20.006,0.7566565809379727,0.35196374622356497,212.33834956645296,360.2066713753558,399.6742756175424,"{0: 0.36824324324324326, 1: 0.5450061652281134}",0.974225973102039,30,44,model_switch_overhead_ms=0,model_switch_overhead_ms,0.0
2988,2460,2455,528,5,0.17670682730923695,24.55,0.5595716198125836,0.46504065040650405,0.9979674796747967,18.636000000000003,0.7591038696537677,0.33252032520325203,222.9788709090135,372.44623191543195,406.3521915341727,"{0: 0.4925170068027211, 1: 0.6245059288537549}",0.9781435947843068,30,42,model_switch_overhead_ms=5,model_switch_overhead_ms,5.0
3049,2472,2464,577,8,0.18924237454903248,24.64,0.595605116431617,0.5012135922330098,0.9967637540453075,18.726000000000003,0.7599837662337662,0.32483818770226536,243.26707759995043,374.78909307764985,405.53757951712595,"{0: 0.5300067430883345, 1: 0.6577266922094508}",0.9758724416799941,30,43,model_switch_overhead_ms=5,model_switch_overhead_ms,5.0
3102,2520,2516,582,4,0.18762088974854932,25.16,0.6183107672469375,0.5301587301587302,0.9984126984126984,18.992,0.7548489666136724,0.35793650793650794,261.6259791818302,373.01364608554286,400.54311429558146,"{0: 0.5364864864864864, 1: 0.6929716399506781}",0.9603902997351527,30,44,model_switch_overhead_ms=5,model_switch_overhead_ms,5.0
2988,2351,2345,637,6,0.21318607764390896,23.45,0.6743641231593038,0.5861335601871545,0.9974478945129732,17.797,0.7589339019189765,0.3347511697150149,259.11877500926494,390.1809455140639,422.9201133783436,"{0: 0.6448979591836734, 1: 0.7028985507246377}",0.9921534731382603,30,42,model_switch_overhead_ms=10,model_switch_overhead_ms,10.0
3049,2376,2368,673,8,0.22072810757625452,23.68,0.6949819612987865,0.6085858585858586,0.9966329966329966,17.926000000000002,0.757010135135135,0.3442760942760943,282.12147427269883,395.58886460482864,419.6273010057108,"{0: 0.6648685097774781, 1: 0.723499361430396}",0.9908945946696307,30,43,model_switch_overhead_ms=10,model_switch_overhead_ms,10.0
3102,2415,2410,687,5,0.22147001934235977,24.1,0.7182462927143778,0.638095238095238,0.9979296066252588,18.134,0.7524481327800829,0.3763975155279503,291.72017487158973,390.5122195322595,421.9571290774213,"{0: 0.6756756756756757, 1: 0.7570900123304563}",0.9798153588226622,30,44,model_switch_overhead_ms=10,model_switch_overhead_ms,10.0
2988,2177,2171,811,6,0.2714190093708166,21.71,0.8159303882195449,0.7473587505741847,0.9972439136426274,16.359,0.7535237217871948,0.3679375287092329,312.16377742805344,428.56011662761375,464.59225419872814,"{0: 0.8217687074829932, 1: 0.8102766798418972}",0.9990255010069197,30,42,model_switch_overhead_ms=20,model_switch_overhead_ms,20.0
3049,2193,2184,856,9,0.28074778615939655,21.84,0.8307641849786815,0.7647058823529411,0.9958960328317373,16.416,0.7516483516483516,0.37710898312813496,320.5503152471247,434.66851848607763,472.1899431802976,"{0: 0.8354686446392448, 1: 0.8263090676883781}",0.9992671282405051,30,43,model_switch_overhead_ms=20,model_switch_overhead_ms,20.0
3102,2201,2195,901,6,0.29045776918117344,21.95,0.8597678916827853,0.8023625624716039,0.9972739663789186,16.453,0.7495671981776765,0.40299863698318944,335.3999814968338,432.9266581763302,469.87575642082743,"{0: 0.8513513513513513, 1: 0.8674475955610358}",0.9967341625629104,30,44,model_switch_overhead_ms=20,model_switch_overhead_ms,20.0
