arrival_rate,policy,total_requests,accepted_requests,completed_requests,dropped_requests,unfinished_requests,drop_rate,throughput,overall_slo_miss_rate,accepted_slo_miss_rate,completion_rate,p50_latency_ms,p95_latency_ms,p99_latency_ms,accuracy_weighted_throughput,mean_accuracy_completed,downgrade_rate,fairness_jain_index
5,EDF + Admission Only + Fixed Model,512.3333333333334,509.3333333333333,509.3333333333333,3.0,0.0,0.005754076051030624,5.093333333333334,0.010798932243905218,0.005086396122292533,1.0,50.5113558662127,96.15612351388135,132.5479758222674,4.074666666666666,0.7999999999999999,0.0,0.9998244795049017
5,EDF + Fixed,512.3333333333334,512.3333333333334,512.3333333333334,0.0,0.0,0.0,5.123333333333334,0.011444927075946562,0.011444927075946562,1.0,50.788358359052836,97.75633254278027,143.4323914001226,4.0986666666666665,0.8000000000000002,0.0,0.9998905849965353
5,EDF + Threshold Downgrade,512.3333333333334,512.3333333333334,512.3333333333334,0.0,0.0,0.0,5.123333333333334,0.010798932243905218,0.010798932243905218,1.0,50.788358359052836,97.75633254278027,143.4323914001226,4.098,0.7998708010335918,0.0006459948320413437,0.999871317907826
5,EDF + Threshold Downgrade + Admission,512.3333333333334,509.3333333333333,509.3333333333333,3.0,0.0,0.005754076051030624,5.093333333333334,0.010798932243905218,0.005086396122292533,1.0,50.5113558662127,96.15612351388135,132.5479758222674,4.074666666666666,0.7999999999999999,0.0,0.9998244795049017
5,FIFO + Fixed,512.3333333333334,512.3333333333334,512.3333333333334,0.0,0.0,0.0,5.123333333333334,0.024289450585349096,0.024289450585349096,1.0,50.797724295123466,101.66955125452535,137.6100361988044,4.0986666666666665,0.8000000000000002,0.0,0.9992255082405981
5,Proposed: EDF + Feasible Utility,512.3333333333334,512.3333333333334,512.3333333333334,0.0,0.0,0.0,5.123333333333334,0.006336845856957283,0.006336845856957283,1.0,50.788358359052836,95.12486108474258,143.4323914001226,4.0953333333333335,0.7993599929116928,0.006400070883071967,0.9999776194652221
5,Proposed: EDF + Feasible Utility + Admission,512.3333333333334,512.3333333333334,512.3333333333334,0.0,0.0,0.0,5.123333333333334,0.006336845856957283,0.006336845856957283,1.0,50.788358359052836,95.12486108474258,143.4323914001226,4.0953333333333335,0.7993599929116928,0.006400070883071967,0.9999776194652221
10,EDF + Admission Only + Fixed Model,1025.0,999.0,999.0,26.0,0.0,0.02522703272834875,9.99,0.03436015231944342,0.009375146266608951,1.0,55.883055478940754,137.75808786145524,211.51454381673406,7.992000000000001,0.8000000000000002,0.0,0.998839230486996
10,EDF + Fixed,1025.0,1025.0,1025.0,0.0,0.0,0.0,10.25,0.03996239142756075,0.03996239142756075,1.0,57.3798838438901,152.7089832936898,231.43496648245403,8.200000000000001,0.8000000000000002,0.0,0.9986320581599991
10,EDF + Threshold Downgrade,1025.0,1025.0,1025.0,0.0,0.0,0.0,10.25,0.035806801906117576,0.035806801906117576,1.0,57.143460078418684,147.20485034693786,218.34394840823515,8.179333333333334,0.7979959029002721,0.010020485498639561,0.9987278053201214
10,EDF + Threshold Downgrade + Admission,1025.0,999.6666666666666,999.6666666666666,25.333333333333332,0.0,0.024583532084848106,9.996666666666668,0.03178614974544085,0.007377160125529702,1.0,55.70081511259559,134.921925229761,205.12282251001344,7.981333333333333,0.7984057901363383,0.00797104931830926,0.9988980618706925
10,FIFO + Fixed,1025.0,1025.0,1025.0,0.0,0.0,0.0,10.25,0.08437203094160454,0.08437203094160454,1.0,57.95679726250787,142.59132450785887,199.15710790554763,8.200000000000001,0.8000000000000002,0.0,0.9913832054600253
10,Proposed: EDF + Feasible Utility,1025.0,1025.0,1025.0,0.0,0.0,0.0,10.25,0.013815382169479381,0.013815382169479381,1.0,56.65023745603685,140.5520881900187,213.4983875023482,8.167333333333334,0.7968375066330848,0.027797426376124392,0.9999029207999266
10,Proposed: EDF + Feasible Utility + Admission,1025.0,1024.0,1024.0,1.0,0.0,0.0009770288327930019,10.24,0.013923154868934829,0.01295872089458082,1.0,56.679031993177965,140.55116120015686,212.27735362115266,8.158666666666667,0.7967684847079735,0.02847763505947716,0.9999145866758544
15,EDF + Admission Only + Fixed Model,1537.6666666666667,1433.6666666666667,1433.3333333333333,104.0,0.3333333333333333,0.06739459388302055,14.333333333333334,0.08969321517837048,0.02391395522598741,0.9997593261131167,68.88469468552557,226.99002736171326,298.89161504165685,11.466666666666669,0.7999999999999999,0.0,0.9938846505444526
15,EDF + Fixed,1537.6666666666667,1537.6666666666667,1537.3333333333333,0.0,0.3333333333333333,0.0,15.373333333333333,0.18753508532992313,0.18753508532992313,0.9997729336966393,84.55882215648914,328.7029472832835,437.7195726428768,12.298666666666668,0.8000000000000002,0.0,0.9940462680434047
15,EDF + Threshold Downgrade,1537.6666666666667,1537.6666666666667,1537.3333333333333,0.0,0.3333333333333333,0.0,15.373333333333333,0.08834826498153707,0.08834826498153707,0.9997729336966393,74.71560922676547,215.23312307273798,290.6193396083368,12.09066666666667,0.7865358602326756,0.06730878056439327,0.9933698612993757
15,EDF + Threshold Downgrade + Admission,1537.6666666666667,1448.0,1447.6666666666667,89.66666666666667,0.3333333333333333,0.05813809251458119,14.476666666666667,0.07486493847709648,0.017752964964672782,0.9997608799617407,67.65176436985469,192.51171919216267,273.32078994000955,11.472666666666667,0.7925431057217661,0.037278806666644716,0.9947840922284961
15,FIFO + Fixed,1537.6666666666667,1537.6666666666667,1537.3333333333333,0.0,0.3333333333333333,0.0,15.373333333333333,0.2471390331178245,0.2471390331178245,0.9997729336966393,96.00413435015177,279.93771848401053,380.711987850997,12.298666666666668,0.8000000000000002,0.0,0.9237183717445606
15,Proposed: EDF + Feasible Utility,1537.6666666666667,1537.6666666666667,1537.3333333333333,0.0,0.3333333333333333,0.0,15.373333333333333,0.05091676470849155,0.05091676470849155,0.9997729336966393,73.87107962720286,248.98552002062297,326.0671875793035,12.154000000000002,0.7906416972479837,0.07812362529396717,0.9999036584494747
15,Proposed: EDF + Feasible Utility + Admission,1537.6666666666667,1527.0,1526.6666666666667,10.666666666666666,0.3333333333333333,0.006858258489159662,15.266666666666666,0.052023806326107924,0.04550523643453568,0.9997721576668944,74.32308779001141,246.4041832852223,318.9282960328026,12.089333333333334,0.7919130392777424,0.07133345907187714,0.9998529174207437
20,EDF + Admission Only + Fixed Model,2037.6666666666667,1770.6666666666667,1768.3333333333333,267.0,2.3333333333333335,0.13074689428359013,17.683333333333334,0.20386781323759925,0.08422338511965326,0.9986962061480146,86.81370979399799,305.75328732533427,345.73084416968385,14.146666666666668,0.8000000000000002,0.0,0.9886903571795393
20,EDF + Fixed,2037.6666666666667,2037.6666666666667,2025.0,0.0,12.666666666666666,0.0,20.25,0.8308674037468533,0.8308674037468533,0.9938442213444035,773.4409943807101,1520.2477517061354,1832.020417540669,16.200000000000003,0.8000000000000002,0.0,0.9923936944935731
20,EDF + Threshold Downgrade,2037.6666666666667,2037.6666666666667,2034.0,0.0,3.6666666666666665,0.0,20.34,0.1150598540459506,0.1150598540459506,0.998197997316396,89.96740746082044,249.41163415069954,312.4627657100278,15.509333333333336,0.7625400850094947,0.1876223129433199,0.9899585778360075
20,EDF + Threshold Downgrade + Admission,2037.6666666666667,1886.6666666666667,1884.6666666666667,151.0,2.0,0.07391765290296953,18.846666666666668,0.09410514429367138,0.021775818085394468,0.9989444564120588,81.35832448041951,235.541796876352,287.49561831766056,14.607333333333335,0.7750742175086566,0.12467343205862126,0.9900704949652156
20,FIFO + Fixed,2037.6666666666667,2037.6666666666667,2025.0,0.0,12.666666666666666,0.0,20.25,0.824681966697714,0.824681966697714,0.9938442213444035,777.9673538776975,1490.3592595184411,1809.3224582332705,16.200000000000003,0.8000000000000002,0.0,0.7481229297567267
20,Proposed: EDF + Feasible Utility,2037.6666666666667,2037.6666666666667,2033.6666666666667,0.0,4.0,0.0,20.33666666666667,0.15761753666901224,0.15761753666901224,0.9980380485000174,91.80996899766372,325.23683216732053,368.5654846070415,15.786666666666667,0.7763380904676956,0.17000311372657306,0.9992700045546816
20,Proposed: EDF + Feasible Utility + Admission,2037.6666666666667,1973.3333333333333,1969.6666666666667,64.33333333333333,3.6666666666666665,0.031523164346543904,19.696666666666665,0.14416319704899672,0.11631984909651531,0.998139154025358,89.08483264454237,318.84847761567244,356.7539245734547,15.443,0.7840928239849196,0.13882282585774772,0.9995700665448722
25,EDF + Admission Only + Fixed Model,2552.0,1971.3333333333333,1967.3333333333333,580.6666666666666,4.0,0.22746771962080026,19.673333333333332,0.3638197757486888,0.17661578953494717,0.9979776508704354,124.98983630458618,332.8913346910685,367.123976632071,15.738666666666667,0.8000000000000002,0.0,0.9878502724332429
25,EDF + Fixed,2552.0,2552.0,2077.0,0.0,475.0,0.0,20.77,0.9938077404794708,0.9938077404794708,0.8140349840491171,9501.962286271393,17381.867922251844,18365.336634743737,16.616,0.8000000000000002,0.0,0.9349485668315328
25,EDF + Threshold Downgrade,2552.0,2552.0,2548.0,0.0,4.0,0.0,25.48,0.1426989536745247,0.1426989536745247,0.9984401947663911,102.24350479200014,270.98454668774656,326.1802910523053,18.724666666666668,0.73487798329852,0.3257492422228698,0.9865579773684074
25,EDF + Threshold Downgrade + Admission,2552.0,2349.3333333333335,2345.0,202.66666666666666,4.333333333333333,0.07936872737965087,23.45,0.11046237931500874,0.03376613745580404,0.9981645201344271,90.17974013955275,257.0231705701145,303.1612466211687,17.564666666666668,0.7490231000518124,0.25526010935870186,0.9897841177241823
25,FIFO + Fixed,2552.0,2552.0,2077.0,0.0,475.0,0.0,20.77,0.9910449863829225,0.9910449863829225,0.8140349840491171,9508.430095330621,17388.64492618667,18359.55008306181,16.616,0.8000000000000002,0.0,0.6770164977814753
25,Proposed: EDF + Feasible Utility,2552.0,2552.0,2547.0,0.0,5.0,0.0,25.47,0.34214373016256366,0.34214373016256366,0.9980516943778909,122.68141964809486,354.42446314380913,392.02991525066705,19.17533333333333,0.7528697394836706,0.314511509034862,0.9886054521095081
25,Proposed: EDF + Feasible Utility + Admission,2552.0,2324.3333333333335,2319.6666666666665,227.66666666666666,4.666666666666667,0.08920456863914118,23.19666666666667,0.312103236300392,0.24473176947989309,0.9980018842636551,112.98933356627246,346.9067458128581,380.3734603289019,17.921666666666667,0.7726058187795434,0.22650029267965036,0.9926728637930382
30,EDF + Admission Only + Fixed Model,3046.3333333333335,2046.0,2041.0,1000.3333333333334,5.0,0.32822378183578466,20.41,0.5119033282327269,0.27357319277249376,0.9975559309514438,203.6190217198765,350.3222233526887,385.1136253381914,16.328,0.8000000000000002,0.0,0.9872303220483761
30,EDF + Fixed,3046.3333333333335,3046.3333333333335,2077.3333333333335,0.0,969.0,0.0,20.773333333333333,0.9972550241706951,0.9972550241706951,0.6820793538610004,16225.83835640671,30290.399780325544,31750.447016857725,16.618666666666666,0.8000000000000002,0.0,0.8710868344378785
30,EDF + Threshold Downgrade,3046.3333333333335,3046.3333333333335,3040.6666666666665,0.0,5.666666666666667,0.0,30.406666666666666,0.1434486047824505,0.1434486047824505,0.9981377793853702,107.83450408395584,269.66344291701506,318.72975021656686,21.608,0.7106706470913616,0.447459887906468,0.9855408439627366
30,EDF + Threshold Downgrade + Admission,3046.3333333333335,2789.0,2784.0,257.3333333333333,5.0,0.08443426014550692,27.84,0.11258006038315667,0.030739524759870896,0.9982033059379019,95.27223588687532,261.52683146625856,299.4043422843239,20.18733333333333,0.725129047848596,0.3747666135781806,0.9885945774658085
30,FIFO + Fixed,3046.3333333333335,3046.3333333333335,2077.3333333333335,0.0,969.0,0.0,20.773333333333333,0.9968192262597898,0.9968192262597898,0.6820793538610004,16220.375252319229,30295.19984952178,31771.11605110536,16.618666666666666,0.8000000000000002,0.0,0.8525416332013522
30,Proposed: EDF + Feasible Utility,3046.3333333333335,3046.3333333333335,3040.0,0.0,6.333333333333333,0.0,30.400000000000002,0.5172730353012692,0.5172730353012692,0.9979165326120581,162.67374491023307,369.3524105446766,403.0291695870885,22.10166666666667,0.727056380468182,0.4635082954615945,0.9652457654124248
30,Proposed: EDF + Feasible Utility + Admission,3046.3333333333335,2586.6666666666665,2581.6666666666665,459.6666666666667,5.0,0.15089827222359783,25.816666666666666,0.45374992815448617,0.3566735611138581,0.9980624304717803,199.4558487052433,359.1432796597116,392.16862309494064,19.625666666666667,0.7602358145547538,0.32298275129528414,0.9762338666458806
