total_requests,accepted_requests,completed_requests,dropped_requests,unfinished_requests,drop_rate,throughput,overall_slo_miss_rate,accepted_slo_miss_rate,completion_rate,accuracy_weighted_throughput,mean_accuracy_completed,downgrade_rate,p50_latency_ms,p95_latency_ms,p99_latency_ms,per_tenant_slo_miss_rate,fairness_jain_index,tenant0_slo_miss_rate,tenant1_slo_miss_rate,arrival_rate,seed,case,experiment,scenario,policy_name
973,973,973,0,0,0.0,9.73,0.024665981500513873,0.024665981500513873,1.0,7.77,0.7985611510791368,0.007194244604316547,54.602303809297155,139.9383424813655,194.32114883721627,"{0: 0.04935622317596566, 1: 0.0019723865877712033}",0.9994090829543567,0.04935622317596566,0.0019723865877712033,10,42,Balanced | Threshold,heterogeneity,Balanced,Threshold Downgrade
1066,1066,1066,0,0,0.0,10.66,0.04221388367729831,0.04221388367729831,1.0,8.506,0.797936210131332,0.010318949343339587,58.214470651907504,150.93864004387024,227.01426837384335,"{0: 0.08560311284046693, 1: 0.0018115942028985507}",0.9980843078172946,0.08560311284046693,0.0018115942028985507,10,43,Balanced | Threshold,heterogeneity,Balanced,Threshold Downgrade
1036,1036,1036,0,0,0.0,10.36,0.04054054054054054,0.04054054054054054,1.0,8.262,0.7974903474903475,0.012548262548262547,58.61360577405139,150.73756851557783,233.69642801364586,"{0: 0.07528957528957529, 1: 0.005791505791505791}",0.9986900251887131,0.07528957528957529,0.005791505791505791,10,44,Balanced | Threshold,heterogeneity,Balanced,Threshold Downgrade
973,973,973,0,0,0.0,9.73,0.006166495375128468,0.006166495375128468,1.0,7.763000000000001,0.7978417266187051,0.020554984583761562,54.602303809297155,131.2639966438306,180.53360621855435,"{0: 0.01072961373390558, 1: 0.0019723865877712033}",0.9999805822544684,0.01072961373390558,0.0019723865877712033,10,42,Balanced | Proposed,heterogeneity,Balanced,Proposed
1066,1066,1066,0,0,0.0,10.66,0.0150093808630394,0.0150093808630394,1.0,8.49,0.7964352720450282,0.0300187617260788,57.22284748342645,145.8813089643154,226.26512827484444,"{0: 0.029182879377431907, 1: 0.0018115942028985507}",0.999806797565767,0.029182879377431907,0.0018115942028985507,10,43,Balanced | Proposed,heterogeneity,Balanced,Proposed
1036,1036,1036,0,0,0.0,10.36,0.02027027027027027,0.02027027027027027,1.0,8.249,0.7962355212355213,0.032818532818532815,58.12556107538694,144.5109589619101,233.69642801364586,"{0: 0.02895752895752896, 1: 0.011583011583011582}",0.9999213825795444,0.02895752895752896,0.011583011583011582,10,44,Balanced | Proposed,heterogeneity,Balanced,Proposed
973,973,973,0,0,0.0,9.73,0.15210688591983557,0.15210688591983557,1.0,7.77,0.7985611510791367,0.007194244604316547,54.65034028871014,129.04514094905753,185.80687259290016,"{0: 0.21376281112737922, 1: 0.006896551724137931}",0.986663853844381,0.21376281112737922,0.006896551724137931,10,42,Strict-Heavy | Threshold,heterogeneity,Strict-Heavy,Threshold Downgrade
1066,1066,1066,0,0,0.0,10.66,0.199812382739212,0.199812382739212,1.0,8.512,0.7984990619136961,0.0075046904315197,58.5499836328745,142.5449044632919,263.2315871201599,"{0: 0.2853297442799462, 1: 0.0030959752321981426}",0.9735287037549548,0.2853297442799462,0.0030959752321981426,10,43,Strict-Heavy | Threshold,heterogeneity,Strict-Heavy,Threshold Downgrade
1036,1036,1036,0,0,0.0,10.36,0.20463320463320464,0.20463320463320464,1.0,8.258000000000001,0.7971042471042473,0.01447876447876448,58.631693786373944,145.90476357223224,234.40267116733582,"{0: 0.28864569083447333, 1: 0.003278688524590164}",0.972845780896001,0.28864569083447333,0.003278688524590164,10,44,Strict-Heavy | Threshold,heterogeneity,Strict-Heavy,Threshold Downgrade
973,973,973,0,0,0.0,9.73,0.019527235354573486,0.019527235354573486,1.0,7.6530000000000005,0.7865364850976363,0.12332990750256938,53.665446821285514,95.97707211576633,147.92450601676944,"{0: 0.027818448023426062, 1: 0.0}",0.999801076720466,0.027818448023426062,0.0,10,42,Strict-Heavy | Proposed,heterogeneity,Strict-Heavy,Proposed
1066,1066,1066,0,0,0.0,10.66,0.021575984990619138,0.021575984990619138,1.0,8.353000000000002,0.7835834896810506,0.1529080675422139,54.702034833138896,99.5049276559048,167.58066774931683,"{0: 0.03095558546433378, 1: 0.0}",0.9997529074248283,0.03095558546433378,0.0,10,43,Strict-Heavy | Proposed,heterogeneity,Strict-Heavy,Proposed
1036,1036,1036,0,0,0.0,10.36,0.03957528957528957,0.03957528957528957,1.0,8.125,0.7842664092664092,0.14285714285714285,55.74195888412805,101.16076302818601,177.6366271744691,"{0: 0.0560875512995896, 1: 0.0}",0.9991682014446869,0.0560875512995896,0.0,10,44,Strict-Heavy | Proposed,heterogeneity,Strict-Heavy,Proposed
1468,1468,1467,0,1,0.0,14.67,0.07425068119891008,0.07425068119891008,0.9993188010899182,11.582,0.7895023858214041,0.052452316076294275,71.90206583809413,200.98005036269168,276.9245552167909,"{0: 0.14185393258426968, 1: 0.010582010582010581}",0.9949770628097221,0.14185393258426968,0.010582010582010581,15,42,Balanced | Threshold,heterogeneity,Balanced,Threshold Downgrade
1576,1576,1576,0,0,0.0,15.76,0.09200507614213198,0.09200507614213198,1.0,12.394,0.7864213197969544,0.06789340101522842,75.5006499412932,212.90568590813928,296.45523335806865,"{0: 0.17374005305039789, 1: 0.0170316301703163}",0.9925535058161592,0.17374005305039789,0.0170316301703163,15,43,Balanced | Threshold,heterogeneity,Balanced,Threshold Downgrade
1569,1569,1569,0,0,0.0,15.69,0.09878903760356915,0.09878903760356915,1.0,12.296000000000001,0.7836838750796685,0.0815806246016571,76.74411190090905,231.81363294738298,298.4782302501509,"{0: 0.17639593908629442, 1: 0.020486555697823303}",0.9925790152722457,0.17639593908629442,0.020486555697823303,15,44,Balanced | Threshold,heterogeneity,Balanced,Threshold Downgrade
1468,1468,1467,0,1,0.0,14.67,0.030653950953678476,0.030653950953678476,0.9993188010899182,11.633,0.7929788684389911,0.06198910081743869,70.37967891674634,216.3554781304425,299.534807960692,"{0: 0.04073033707865169, 1: 0.021164021164021163}",0.9998980894912554,0.04073033707865169,0.021164021164021163,15,42,Balanced | Proposed,heterogeneity,Balanced,Proposed
1576,1576,1576,0,0,0.0,15.76,0.061548223350253804,0.061548223350253804,1.0,12.458,0.7904822335025382,0.07614213197969544,75.22532152953227,263.17332311352493,340.0920838384418,"{0: 0.07294429708222812, 1: 0.051094890510948905}",0.9998643646606163,0.07294429708222812,0.051094890510948905,15,43,Balanced | Proposed,heterogeneity,Balanced,Proposed
1569,1569,1569,0,0,0.0,15.69,0.06054811982154239,0.06054811982154239,1.0,12.371000000000002,0.7884639898024218,0.09623964308476737,76.00823843532999,267.42775881790146,338.57467093877676,"{0: 0.06725888324873096, 1: 0.05377720870678617}",0.9999485211965524,0.06725888324873096,0.05377720870678617,15,44,Balanced | Proposed,heterogeneity,Balanced,Proposed
1468,1468,1467,0,1,0.0,14.67,0.30381471389645776,0.30381471389645776,0.9993188010899182,11.578,0.7892297205180638,0.05381471389645776,73.9371224407223,187.8394616547776,328.7604707676357,"{0: 0.4186046511627907, 1: 0.03211009174311927}",0.9414126286047337,0.4186046511627907,0.03211009174311927,15,42,Strict-Heavy | Threshold,heterogeneity,Strict-Heavy,Threshold Downgrade
1576,1576,1576,0,0,0.0,15.76,0.3096446700507614,0.3096446700507614,1.0,12.396,0.7865482233502538,0.06725888324873096,76.738978013409,208.98571111502974,338.89370198243796,"{0: 0.4318181818181818, 1: 0.0273109243697479}",0.9355271972620064,0.4318181818181818,0.0273109243697479,15,43,Strict-Heavy | Threshold,heterogeneity,Strict-Heavy,Threshold Downgrade
1569,1569,1569,0,0,0.0,15.69,0.33205863607393243,0.33205863607393243,1.0,12.294,0.7835564053537285,0.08221797323135756,78.9156575131201,222.04808680286627,354.92962654999076,"{0: 0.45094509450945097, 1: 0.043668122270742356}",0.9317968034598548,0.45094509450945097,0.043668122270742356,15,44,Strict-Heavy | Threshold,heterogeneity,Strict-Heavy,Threshold Downgrade
1468,1468,1467,0,1,0.0,14.67,0.05108991825613079,0.05108991825613079,0.9993188010899182,11.36,0.7743694614860259,0.2125340599455041,58.580939447987475,136.93332303062056,212.68454301341296,"{0: 0.07170542635658915, 1: 0.0022935779816513763}",0.9987028491245482,0.07170542635658915,0.0022935779816513763,15,42,Strict-Heavy | Proposed,heterogeneity,Strict-Heavy,Proposed
1576,1576,1576,0,0,0.0,15.76,0.07043147208121828,0.07043147208121828,1.0,12.194,0.7737309644670052,0.22588832487309646,61.101093906388996,147.75600639696495,256.80545500362314,"{0: 0.09636363636363636, 1: 0.01050420168067227}",0.9979473174183244,0.09636363636363636,0.01050420168067227,15,43,Strict-Heavy | Proposed,heterogeneity,Strict-Heavy,Proposed
1569,1569,1569,0,0,0.0,15.69,0.05481198215423837,0.05481198215423837,1.0,12.099,0.7711281070745698,0.25239005736137665,59.93566077199648,169.3874826252571,302.9930303367489,"{0: 0.0747074707470747, 1: 0.006550218340611353}",0.9987397892019362,0.0747074707470747,0.006550218340611353,15,44,Strict-Heavy | Proposed,heterogeneity,Strict-Heavy,Proposed
1954,1954,1950,0,4,0.0,19.5,0.10184237461617196,0.10184237461617196,0.9979529170931423,14.904000000000002,0.7643076923076924,0.17860798362333674,85.0346089350096,244.11307353754273,303.2258244905289,"{0: 0.18526315789473685, 1: 0.022908366533864542}",0.991856963185579,0.18526315789473685,0.022908366533864542,20,42,Balanced | Threshold,heterogeneity,Balanced,Threshold Downgrade
2084,2084,2077,0,7,0.0,20.77,0.11948176583493282,0.11948176583493282,0.996641074856046,15.852,0.7632161771786231,0.1847408829174664,92.46678294656158,254.69107391830752,321.38838345582303,"{0: 0.20686175580222, 1: 0.04025617566331199}",0.9910470131491176,0.20686175580222,0.04025617566331199,20,43,Balanced | Threshold,heterogeneity,Balanced,Threshold Downgrade
2075,2075,2075,0,0,0.0,20.75,0.12385542168674699,0.12385542168674699,1.0,15.772,0.7600963855421689,0.19951807228915663,92.40083050089015,249.43075499624828,312.77408918373146,"{0: 0.22695738354806738, 1: 0.02626641651031895}",0.9869717571733257,0.22695738354806738,0.02626641651031895,20,44,Balanced | Threshold,heterogeneity,Balanced,Threshold Downgrade
1954,1954,1950,0,4,0.0,19.5,0.13817809621289662,0.13817809621289662,0.9979529170931423,15.207,0.779846153846154,0.14687819856704196,89.29567089119155,322.0962636681563,361.9610137309969,"{0: 0.12526315789473685, 1: 0.150398406374502}",0.9997875635289379,0.12526315789473685,0.150398406374502,20,42,Balanced | Proposed,heterogeneity,Balanced,Proposed
2084,2084,2076,0,8,0.0,20.76,0.17226487523992323,0.17226487523992323,0.9961612284069098,16.113,0.7761560693641619,0.16698656429942418,94.44970788494902,324.87699568746575,372.968687526512,"{0: 0.1503531786074672, 1: 0.19213174748398903}",0.9993650839337738,0.1503531786074672,0.19213174748398903,20,43,Balanced | Proposed,heterogeneity,Balanced,Proposed
2075,2075,2075,0,0,0.0,20.75,0.16240963855421686,0.16240963855421686,1.0,16.04,0.7730120481927711,0.19614457831325302,91.6845282168506,328.7372371463396,370.76675256361574,"{0: 0.13082259663032705, 1: 0.19230769230769232}",0.998657366201333,0.13082259663032705,0.19230769230769232,20,44,Balanced | Proposed,heterogeneity,Balanced,Proposed
1954,1954,1950,0,4,0.0,19.5,0.36591606960081885,0.36591606960081885,0.9979529170931423,14.898,0.7640000000000001,0.18014329580348004,86.94349224993675,260.8358250425385,371.9919764442451,"{0: 0.49963369963369964, 1: 0.05602716468590832}",0.9137997459933798,0.49963369963369964,0.05602716468590832,20,42,Strict-Heavy | Threshold,heterogeneity,Strict-Heavy,Threshold Downgrade
2084,2084,2077,0,7,0.0,20.77,0.41794625719769674,0.41794625719769674,0.996641074856046,15.864,0.7637939335580164,0.18186180422264875,93.64226022984076,299.812452450988,391.6651422752671,"{0: 0.5529733424470267, 1: 0.0998389694041868}",0.8983634575902195,0.5529733424470267,0.0998389694041868,20,43,Strict-Heavy | Threshold,heterogeneity,Strict-Heavy,Threshold Downgrade
2075,2075,2075,0,0,0.0,20.75,0.4019277108433735,0.4019277108433735,1.0,15.766000000000002,0.7598072289156628,0.20096385542168674,93.11356612097006,281.22039627623514,378.65767021048384,"{0: 0.5472739820565907, 1: 0.06549520766773163}",0.8923679002369047,0.5472739820565907,0.06549520766773163,20,44,Strict-Heavy | Threshold,heterogeneity,Strict-Heavy,Threshold Downgrade
1954,1954,1950,0,4,0.0,19.5,0.08546571136131013,0.08546571136131013,0.9979529170931423,14.912,0.7647179487179488,0.29426816786079835,64.6818611773233,226.49316334103494,348.6088898052486,"{0: 0.10842490842490843, 1: 0.03225806451612903}",0.998324683611625,0.10842490842490843,0.03225806451612903,20,42,Strict-Heavy | Proposed,heterogeneity,Strict-Heavy,Proposed
2084,2084,2079,0,5,0.0,20.79,0.0916506717850288,0.0916506717850288,0.9976007677543186,15.834000000000001,0.7616161616161616,0.31717850287907867,65.98981011444903,230.13020138338456,351.77500878785037,"{0: 0.11483253588516747, 1: 0.037037037037037035}",0.9982312157918204,0.11483253588516747,0.037037037037037035,20,43,Strict-Heavy | Proposed,heterogeneity,Strict-Heavy,Proposed
2075,2075,2075,0,0,0.0,20.75,0.10698795180722892,0.10698795180722892,1.0,15.739,0.7585060240963856,0.33590361445783135,66.5168348611769,268.70875710550234,374.03122845848657,"{0: 0.12284334023464458, 1: 0.07028753993610223}",0.9991546809749314,0.12284334023464458,0.07028753993610223,20,44,Strict-Heavy | Proposed,heterogeneity,Strict-Heavy,Proposed
2501,2501,2499,0,2,0.0,24.99,0.13714514194322272,0.13714514194322272,0.9992003198720512,18.366,0.7349339735894357,0.32506997201119553,99.1552378995475,269.4683015812772,324.79161282472046,"{0: 0.22950819672131148, 1: 0.04918032786885246}",0.9891440875650458,0.22950819672131148,0.04918032786885246,25,42,Balanced | Threshold,heterogeneity,Balanced,Threshold Downgrade
2574,2574,2569,0,5,0.0,25.69,0.1351981351981352,0.1351981351981352,0.9980574980574981,18.89,0.7353055663682366,0.3243978243978244,101.82327134477964,271.2518388251599,322.79041513588356,"{0: 0.23434991974317818, 1: 0.04216867469879518}",0.9877187632146108,0.23434991974317818,0.04216867469879518,25,43,Balanced | Threshold,heterogeneity,Balanced,Threshold Downgrade
2581,2581,2576,0,5,0.0,25.76,0.1557535838822162,0.1557535838822162,0.9980627663696242,18.918,0.7343944099378881,0.3277799302595893,105.75200513167329,272.23349965680245,330.9588451963118,"{0: 0.27169505271695055, 1: 0.04970326409495549}",0.9828110813255657,0.27169505271695055,0.04970326409495549,25,44,Balanced | Threshold,heterogeneity,Balanced,Threshold Downgrade
2501,2501,2499,0,2,0.0,24.99,0.3358656537385046,0.3358656537385046,0.9992003198720512,18.839000000000002,0.753861544617847,0.3006797281087565,118.94835024925669,353.66475716330825,391.8044827201608,"{0: 0.2713114754098361, 1: 0.39734582357533177}",0.9911177423521634,0.2713114754098361,0.39734582357533177,25,42,Balanced | Proposed,heterogeneity,Balanced,Proposed
2574,2574,2566,0,8,0.0,25.66,0.3356643356643357,0.3356643356643357,0.9968919968919969,19.322,0.7530007794232267,0.31546231546231546,123.90674089835011,351.15356563452383,390.7411713639867,"{0: 0.2640449438202247, 1: 0.40286144578313254}",0.9892730299400367,0.2640449438202247,0.40286144578313254,25,43,Balanced | Proposed,heterogeneity,Balanced,Proposed
2581,2581,2576,0,5,0.0,25.76,0.35490120108485085,0.35490120108485085,0.9980627663696242,19.365,0.7517468944099378,0.32739248353351413,125.1891677966778,358.45506663359527,393.54409166785354,"{0: 0.2725060827250608, 1: 0.43026706231454004}",0.9854255840363242,0.2725060827250608,0.43026706231454004,25,44,Balanced | Proposed,heterogeneity,Balanced,Proposed
2501,2501,2499,0,2,0.0,24.99,0.43502598960415834,0.43502598960415834,0.9992003198720512,18.386000000000003,0.7357342937174869,0.3210715713714514,100.82749127299758,309.5664760013976,391.2710865875929,"{0: 0.578827546955037, 1: 0.09543010752688172}",0.8826509858986051,0.578827546955037,0.09543010752688172,25,42,Strict-Heavy | Threshold,heterogeneity,Strict-Heavy,Threshold Downgrade
2574,2574,2566,0,8,0.0,25.66,0.4417249417249417,0.4417249417249417,0.9968919968919969,18.912,0.7370226032735775,0.31662781662781664,100.11381156198331,322.98529510284425,393.97750547634377,"{0: 0.5785674625208218, 1: 0.12289780077619664}",0.8903623153499225,0.5785674625208218,0.12289780077619664,25,43,Strict-Heavy | Threshold,heterogeneity,Strict-Heavy,Threshold Downgrade
2581,2581,2576,0,5,0.0,25.76,0.45563734986439364,0.45563734986439364,0.9980627663696242,18.924,0.7346273291925465,0.327005036807439,105.24813431590519,322.6844805910805,396.3685426551274,"{0: 0.6082589285714286, 1: 0.10899873257287707}",0.8684423727611147,0.6082589285714286,0.10899873257287707,25,44,Strict-Heavy | Threshold,heterogeneity,Strict-Heavy,Threshold Downgrade
2501,2501,2499,0,2,0.0,24.99,0.16593362654938024,0.16593362654938024,0.9992003198720512,18.681,0.7475390156062425,0.398640543782487,71.36009727276542,346.03783586660865,408.8036982007391,"{0: 0.16903813318155947, 1: 0.1586021505376344}",0.9999610604983326,0.16903813318155947,0.1586021505376344,25,42,Strict-Heavy | Proposed,heterogeneity,Strict-Heavy,Proposed
2574,2574,2570,0,4,0.0,25.7,0.16938616938616938,0.16938616938616938,0.9984459984459985,19.202,0.7471595330739299,0.40675990675990675,71.72132222807886,344.8777077071368,402.3674073168685,"{0: 0.17323709050527486, 1: 0.16041397153945666}",0.9999407852735398,0.17323709050527486,0.16041397153945666,25,43,Strict-Heavy | Proposed,heterogeneity,Strict-Heavy,Proposed
2581,2581,2578,0,3,0.0,25.78,0.18132506780317706,0.18132506780317706,0.9988376598217745,19.172,0.7436772692009309,0.41960480433940334,72.09473828984846,356.68770468935116,406.1085143081423,"{0: 0.17801339285714285, 1: 0.1888466413181242}",0.999956000120761,0.17801339285714285,0.1888466413181242,25,44,Strict-Heavy | Proposed,heterogeneity,Strict-Heavy,Proposed
2988,2988,2983,0,5,0.0,29.83,0.13788487282463185,0.13788487282463185,0.9983266398929049,21.274,0.7131746563861883,0.4347389558232932,105.62970000818314,269.8150115722321,317.72619906976905,"{0: 0.23877551020408164, 1: 0.04018445322793149}",0.9868600713993371,0.23877551020408164,0.04018445322793149,30,42,Balanced | Threshold,heterogeneity,Balanced,Threshold Downgrade
3049,3049,3041,0,8,0.0,30.41,0.13611020006559527,0.13611020006559527,0.9973761889143982,21.638,0.7115422558368957,0.4434240734667104,107.39509386462305,268.6948189705654,318.84018359828616,"{0: 0.23128792987188132, 1: 0.04597701149425287}",0.9885615091393729,0.23128792987188132,0.04597701149425287,30,43,Balanced | Threshold,heterogeneity,Balanced,Threshold Downgrade
3102,3102,3098,0,4,0.0,30.98,0.15635074145712444,0.15635074145712444,0.9987105093488072,21.912,0.7072950290510006,0.46421663442940037,110.47871837906132,270.48049820824764,319.6228679816454,"{0: 0.2777027027027027, 1: 0.04562268803945746}",0.9812009513494999,0.2777027027027027,0.04562268803945746,30,44,Balanced | Threshold,heterogeneity,Balanced,Threshold Downgrade
2988,2988,2981,0,7,0.0,29.81,0.5,0.5,0.9976572958500669,21.730999999999998,0.7289835625628982,0.4484605087014726,154.4253654970962,369.05505184792855,399.51188519275945,"{0: 0.40680272108843535, 1: 0.5902503293807642}",0.9676274893704344,0.40680272108843535,0.5902503293807642,30,42,Balanced | Proposed,heterogeneity,Balanced,Proposed
3049,3049,3042,0,7,0.0,30.42,0.5234503115775664,0.5234503115775664,0.9977041653000984,22.134,0.7276134122287967,0.4581830108232207,164.77358062895337,369.9088383500126,405.8819942855822,"{0: 0.43762643290627107, 1: 0.6047254150702427}",0.9704532129996342,0.43762643290627107,0.6047254150702427,30,43,Balanced | Proposed,heterogeneity,Balanced,Proposed
3102,3102,3097,0,5,0.0,30.97,0.5283687943262412,0.5283687943262412,0.998388136686009,22.44,0.7245721666128512,0.48388136686009026,168.82228860464966,369.0933414360887,403.6936292829239,"{0: 0.42364864864864865, 1: 0.623921085080148}",0.9576565938672059,0.42364864864864865,0.623921085080148,30,44,Balanced | Proposed,heterogeneity,Balanced,Proposed
2988,2988,2983,0,5,0.0,29.83,0.4497991967871486,0.4497991967871486,0.9983266398929049,21.252,0.7124371438149514,0.4384203480589023,104.24035040153831,323.7949831353741,389.1308783671841,"{0: 0.5964745116722249, 1: 0.10348706411698538}",0.8742786037390606,0.5964745116722249,0.10348706411698538,30,42,Strict-Heavy | Threshold,heterogeneity,Strict-Heavy,Threshold Downgrade
3049,3049,3046,0,3,0.0,30.46,0.44178419153820925,0.44178419153820925,0.9990160708428993,21.682000000000002,0.7118187787261983,0.44145621515250905,104.81591306870541,326.5903934259959,404.3074470399399,"{0: 0.5797847449695835, 1: 0.11842105263157894}",0.8884122090043806,0.5797847449695835,0.11842105263157894,30,43,Strict-Heavy | Threshold,heterogeneity,Strict-Heavy,Threshold Downgrade
3102,3102,3098,0,4,0.0,30.98,0.44165054803352677,0.44165054803352677,0.9987105093488072,21.924,0.7076823757262749,0.4622823984526112,104.4828088201973,328.61702891714083,390.56781957335005,"{0: 0.5903783278841663, 1: 0.11030176899063475}",0.8798807441752334,0.5903783278841663,0.11030176899063475,30,44,Strict-Heavy | Threshold,heterogeneity,Strict-Heavy,Threshold Downgrade
2988,2988,2982,0,6,0.0,29.82,0.30053547523427043,0.30053547523427043,0.9979919678714859,21.735,0.7288732394366197,0.49531459170013387,78.09274099260074,386.2923286871195,440.611988709512,"{0: 0.27632205812291566, 1: 0.3577052868391451}",0.9964629031168775,0.27632205812291566,0.3577052868391451,30,42,Strict-Heavy | Proposed,heterogeneity,Strict-Heavy,Proposed
3049,3049,3044,0,5,0.0,30.44,0.30206625122991143,0.30206625122991143,0.9983601180714988,22.136999999999997,0.7272339027595269,0.4962282715644474,78.203615146027,383.52670501535874,426.897910082605,"{0: 0.2826392138511933, 1: 0.3475877192982456}",0.997756811449306,0.2826392138511933,0.3475877192982456,30,43,Strict-Heavy | Proposed,heterogeneity,Strict-Heavy,Proposed
3102,3102,3101,0,1,0.0,31.01,0.3568665377176016,0.3568665377176016,0.9996776273372018,22.409000000000002,0.7226378587552401,0.5128949065119278,81.01435616549861,397.37327899527736,441.92017663258594,"{0: 0.33162073797290986, 1: 0.413111342351717}",0.995803224422302,0.33162073797290986,0.413111342351717,30,44,Strict-Heavy | Proposed,heterogeneity,Strict-Heavy,Proposed
