total_requests,accepted_requests,completed_requests,dropped_requests,unfinished_requests,drop_rate,throughput,overall_slo_miss_rate,accepted_slo_miss_rate,completion_rate,accuracy_weighted_throughput,mean_accuracy_completed,downgrade_rate,p50_latency_ms,p95_latency_ms,p99_latency_ms,per_tenant_slo_miss_rate,fairness_jain_index,arrival_rate,policy,seed
470,470,470,0,0,0.0,4.7,0.010638297872340425,0.010638297872340425,1.0,3.76,0.8,0.0,50.35434109227208,93.12078483821811,112.52216174228596,"{0: 0.02242152466367713, 1: 0.0}",0.9998714692605886,5,FIFO + Fixed,42
551,551,551,0,0,0.0,5.51,0.025408348457350273,0.025408348457350273,1.0,4.408,0.7999999999999999,0.0,51.20501036049973,99.7680936538236,127.15665257743467,"{0: 0.052830188679245285, 1: 0.0}",0.9992644078483179,5,FIFO + Fixed,43
516,516,516,0,0,0.0,5.16,0.03682170542635659,0.03682170542635659,1.0,4.128,0.8000000000000002,0.0,50.8338214325986,112.11977527153431,173.1512942766926,"{0: 0.07364341085271318, 1: 0.0}",0.9985406476128875,5,FIFO + Fixed,44
470,470,470,0,0,0.0,4.7,0.002127659574468085,0.002127659574468085,1.0,3.76,0.8,0.0,50.35434109227208,91.87652161596262,111.41812182920334,"{0: 0.004484304932735426, 1: 0.0}",0.9999949501580601,5,EDF + Fixed,42
551,551,551,0,0,0.0,5.51,0.010889292196007259,0.010889292196007259,1.0,4.408,0.7999999999999999,0.0,51.17691255228783,99.7680936538236,137.24793398762085,"{0: 0.022641509433962263, 1: 0.0}",0.9998689059473002,5,EDF + Fixed,43
516,516,516,0,0,0.0,5.16,0.02131782945736434,0.02131782945736434,1.0,4.128,0.8000000000000002,0.0,50.8338214325986,101.62438235855461,181.6311183835436,"{0: 0.03488372093023256, 1: 0.007751937984496124}",0.9998078988842454,5,EDF + Fixed,44
470,469,469,1,0,0.002127659574468085,4.69,0.002127659574468085,0.0,1.0,3.7520000000000007,0.8,0.0,50.229007983072734,91.93927060482443,111.47595217973762,"{0: 0.004484304932735426, 1: 0.0}",0.9999949501580601,5,EDF + Admission Only + Fixed Model,42
551,548,548,3,0,0.0054446460980036296,5.48,0.010889292196007259,0.005474452554744526,1.0,4.384,0.7999999999999998,0.0,50.966914511750474,98.34504765897573,139.27502253554792,"{0: 0.022641509433962263, 1: 0.0}",0.9998689059473002,5,EDF + Admission Only + Fixed Model,43
516,511,511,5,0,0.009689922480620155,5.11,0.01937984496124031,0.009784735812133072,1.0,4.088,0.8,0.0,50.338145103814895,98.18405227784388,146.89295275151665,"{0: 0.03875968992248062, 1: 0.0}",0.9996095824093448,5,EDF + Admission Only + Fixed Model,44
470,470,470,0,0,0.0,4.7,0.002127659574468085,0.002127659574468085,1.0,3.76,0.8,0.0,50.35434109227208,91.87652161596262,111.41812182920334,"{0: 0.004484304932735426, 1: 0.0}",0.9999949501580601,5,EDF + Threshold Downgrade,42
551,551,551,0,0,0.0,5.51,0.010889292196007259,0.010889292196007259,1.0,4.408,0.7999999999999999,0.0,51.17691255228783,99.7680936538236,137.24793398762085,"{0: 0.022641509433962263, 1: 0.0}",0.9998689059473002,5,EDF + Threshold Downgrade,43
516,516,516,0,0,0.0,5.16,0.01937984496124031,0.01937984496124031,1.0,4.126,0.7996124031007752,0.001937984496124031,50.8338214325986,101.62438235855461,181.6311183835436,"{0: 0.03488372093023256, 1: 0.003875968992248062}",0.9997500976181177,5,EDF + Threshold Downgrade,44
470,469,469,1,0,0.002127659574468085,4.69,0.002127659574468085,0.0,1.0,3.7520000000000007,0.8,0.0,50.229007983072734,91.93927060482443,111.47595217973762,"{0: 0.004484304932735426, 1: 0.0}",0.9999949501580601,5,EDF + Threshold Downgrade + Admission,42
551,548,548,3,0,0.0054446460980036296,5.48,0.010889292196007259,0.005474452554744526,1.0,4.384,0.7999999999999998,0.0,50.966914511750474,98.34504765897573,139.27502253554792,"{0: 0.022641509433962263, 1: 0.0}",0.9998689059473002,5,EDF + Threshold Downgrade + Admission,43
516,511,511,5,0,0.009689922480620155,5.11,0.01937984496124031,0.009784735812133072,1.0,4.088,0.8,0.0,50.338145103814895,98.18405227784388,146.89295275151665,"{0: 0.03875968992248062, 1: 0.0}",0.9996095824093448,5,EDF + Threshold Downgrade + Admission,44
470,470,470,0,0,0.0,4.7,0.0,0.0,1.0,3.7590000000000003,0.7997872340425533,0.002127659574468085,50.35434109227208,90.89395817483597,111.41812182920334,"{0: 0.0, 1: 0.0}",1.0,5,Proposed: EDF + Feasible Utility,42
551,551,551,0,0,0.0,5.51,0.0054446460980036296,0.0054446460980036296,1.0,4.405,0.7994555353901995,0.0054446460980036296,51.17691255228783,97.6564213128222,137.24793398762085,"{0: 0.011320754716981131, 1: 0.0}",0.9999675953596555,5,Proposed: EDF + Feasible Utility,43
516,516,516,0,0,0.0,5.16,0.013565891472868217,0.013565891472868217,1.0,4.122000000000001,0.7988372093023257,0.011627906976744186,50.8338214325986,96.82420376656955,181.6311183835436,"{0: 0.01937984496124031, 1: 0.007751937984496124}",0.9999652630360107,5,Proposed: EDF + Feasible Utility,44
470,470,470,0,0,0.0,4.7,0.0,0.0,1.0,3.7590000000000003,0.7997872340425533,0.002127659574468085,50.35434109227208,90.89395817483597,111.41812182920334,"{0: 0.0, 1: 0.0}",1.0,5,Proposed: EDF + Feasible Utility + Admission,42
551,551,551,0,0,0.0,5.51,0.0054446460980036296,0.0054446460980036296,1.0,4.405,0.7994555353901995,0.0054446460980036296,51.17691255228783,97.6564213128222,137.24793398762085,"{0: 0.011320754716981131, 1: 0.0}",0.9999675953596555,5,Proposed: EDF + Feasible Utility + Admission,43
516,516,516,0,0,0.0,5.16,0.013565891472868217,0.013565891472868217,1.0,4.122000000000001,0.7988372093023257,0.011627906976744186,50.8338214325986,96.82420376656955,181.6311183835436,"{0: 0.01937984496124031, 1: 0.007751937984496124}",0.9999652630360107,5,Proposed: EDF + Feasible Utility + Admission,44
973,973,973,0,0,0.0,9.73,0.06372045220966084,0.06372045220966084,1.0,7.784000000000001,0.8,0.0,54.975060672022664,131.5625869888634,176.14611353063316,"{0: 0.13304721030042918, 1: 0.0}",0.9949470518334683,10,FIFO + Fixed,42
1066,1066,1066,0,0,0.0,10.66,0.09287054409005628,0.09287054409005628,1.0,8.528,0.7999999999999999,0.0,59.20898073085385,149.70989377529668,196.30024775489272,"{0: 0.1926070038910506, 1: 0.0}",0.9887711636241152,10,FIFO + Fixed,43
1036,1036,1036,0,0,0.0,10.36,0.09652509652509653,0.09652509652509653,1.0,8.288,0.8000000000000002,0.0,59.686350384647085,146.50149275941658,225.02496243111707,"{0: 0.18532818532818532, 1: 0.007722007722007722}",0.9904314009224925,10,FIFO + Fixed,44
973,973,973,0,0,0.0,9.73,0.024665981500513873,0.024665981500513873,1.0,7.784000000000001,0.8,0.0,54.65034028871014,142.83905756533784,196.05366399153627,"{0: 0.04935622317596566, 1: 0.0019723865877712033}",0.9994090829543567,10,EDF + Fixed,42
1066,1066,1066,0,0,0.0,10.66,0.0450281425891182,0.0450281425891182,1.0,8.528,0.7999999999999999,0.0,58.5499836328745,157.55065690994388,242.91804431315322,"{0: 0.08949416342412451, 1: 0.0036231884057971015}",0.9979762118721396,10,EDF + Fixed,43
1036,1036,1036,0,0,0.0,10.36,0.05019305019305019,0.05019305019305019,1.0,8.288,0.8000000000000002,0.0,58.939327610085655,157.73723540578771,255.33319114267266,"{0: 0.08687258687258688, 1: 0.013513513513513514}",0.9985108796535009,10,EDF + Fixed,44
973,955,955,18,0,0.018499486125385406,9.55,0.02774922918807811,0.009424083769633508,1.0,7.64,0.8000000000000002,0.0,54.26618269255414,130.35721576064233,193.0058502359944,"{0: 0.055793991416309016, 1: 0.0019723865877712033}",0.9992326791848585,10,EDF + Admission Only + Fixed Model,42
1066,1039,1039,27,0,0.025328330206378986,10.39,0.03189493433395872,0.006737247353224254,1.0,8.312000000000001,0.8,0.0,56.61521219212591,146.02545315392123,234.28630163079953,"{0: 0.06614785992217899, 1: 0.0}",0.9988313694409174,10,EDF + Admission Only + Fixed Model,43
1036,1003,1003,33,0,0.03185328185328185,10.03,0.04343629343629344,0.011964107676969093,1.0,8.024000000000001,0.8,0.0,56.76777155214222,136.89159466980217,207.2514795834082,"{0: 0.08108108108108109, 1: 0.005791505791505791}",0.9984536428352118,10,EDF + Admission Only + Fixed Model,44
973,973,973,0,0,0.0,9.73,0.024665981500513873,0.024665981500513873,1.0,7.77,0.7985611510791368,0.007194244604316547,54.602303809297155,139.9383424813655,194.32114883721627,"{0: 0.04935622317596566, 1: 0.0019723865877712033}",0.9994090829543567,10,EDF + Threshold Downgrade,42
1066,1066,1066,0,0,0.0,10.66,0.04221388367729831,0.04221388367729831,1.0,8.506,0.797936210131332,0.010318949343339587,58.214470651907504,150.93864004387024,227.01426837384335,"{0: 0.08560311284046693, 1: 0.0018115942028985507}",0.9980843078172946,10,EDF + Threshold Downgrade,43
1036,1036,1036,0,0,0.0,10.36,0.04054054054054054,0.04054054054054054,1.0,8.262,0.7974903474903475,0.012548262548262547,58.61360577405139,150.73756851557783,233.69642801364586,"{0: 0.07528957528957529, 1: 0.005791505791505791}",0.9986900251887131,10,EDF + Threshold Downgrade,44
973,955,955,18,0,0.018499486125385406,9.55,0.02774922918807811,0.009424083769633508,1.0,7.63,0.7989528795811519,0.005235602094240838,54.2121848538045,128.5702999157612,189.33530263577182,"{0: 0.055793991416309016, 1: 0.0019723865877712033}",0.9992326791848585,10,EDF + Threshold Downgrade + Admission,42
1066,1039,1039,27,0,0.025328330206378986,10.39,0.03189493433395872,0.006737247353224254,1.0,8.298,0.7986525505293552,0.006737247353224254,56.384407297708094,142.01727726576186,214.0865288596968,"{0: 0.06614785992217899, 1: 0.0}",0.9988313694409174,10,EDF + Threshold Downgrade + Admission,43
1036,1005,1005,31,0,0.029922779922779922,10.05,0.03571428571428571,0.005970149253731343,1.0,8.016,0.7976119402985076,0.011940298507462687,56.50585318627418,134.17819850775993,211.9466360345717,"{0: 0.07142857142857142, 1: 0.0}",0.9986301369863014,10,EDF + Threshold Downgrade + Admission,44
973,973,973,0,0,0.0,9.73,0.006166495375128468,0.006166495375128468,1.0,7.763000000000001,0.7978417266187051,0.020554984583761562,54.602303809297155,131.2639966438306,180.53360621855435,"{0: 0.01072961373390558, 1: 0.0019723865877712033}",0.9999805822544684,10,Proposed: EDF + Feasible Utility,42
1066,1066,1066,0,0,0.0,10.66,0.0150093808630394,0.0150093808630394,1.0,8.49,0.7964352720450282,0.0300187617260788,57.22284748342645,145.8813089643154,226.26512827484444,"{0: 0.029182879377431907, 1: 0.0018115942028985507}",0.999806797565767,10,Proposed: EDF + Feasible Utility,43
1036,1036,1036,0,0,0.0,10.36,0.02027027027027027,0.02027027027027027,1.0,8.249,0.7962355212355213,0.032818532818532815,58.12556107538694,144.5109589619101,233.69642801364586,"{0: 0.02895752895752896, 1: 0.011583011583011582}",0.9999213825795444,10,Proposed: EDF + Feasible Utility,44
973,972,972,1,0,0.0010277492291880781,9.72,0.009249743062692703,0.00823045267489712,1.0,7.756,0.7979423868312757,0.0205761316872428,54.702667218052056,131.24254082577752,177.7386084092076,"{0: 0.017167381974248927, 1: 0.0019723865877712033}",0.9999411606420987,10,Proposed: EDF + Feasible Utility + Admission,42
1066,1065,1065,1,0,0.0009380863039399625,10.65,0.010318949343339587,0.009389671361502348,1.0,8.486,0.7968075117370892,0.02910798122065728,57.12069590140891,146.44622092152852,223.51247050240315,"{0: 0.019455252918287938, 1: 0.0018115942028985507}",0.9999204997839873,10,Proposed: EDF + Feasible Utility + Admission,43
1036,1035,1035,1,0,0.0009652509652509653,10.35,0.0222007722007722,0.021256038647342997,1.0,8.234000000000002,0.7955555555555557,0.035748792270531404,58.21373286007292,143.96472185316452,235.5809819518472,"{0: 0.032818532818532815, 1: 0.011583011583011582}",0.9998820996014772,10,Proposed: EDF + Feasible Utility + Admission,44
1468,1468,1467,0,1,0.0,14.67,0.1893732970027248,0.1893732970027248,0.9993188010899182,11.736,0.7999999999999999,0.0,85.07502203256445,227.3674540824672,288.4171794674408,"{0: 0.38202247191011235, 1: 0.007936507936507936}",0.9487805715711036,15,FIFO + Fixed,42
1576,1576,1576,0,0,0.0,15.76,0.2633248730964467,0.2633248730964467,1.0,12.608000000000002,0.8000000000000002,0.0,97.28286173529705,286.0770114780257,412.80356847326175,"{0: 0.5013262599469496, 1: 0.045012165450121655}",0.910301270023096,15,FIFO + Fixed,43
1569,1569,1569,0,0,0.0,15.69,0.2887189292543021,0.2887189292543021,1.0,12.552,0.8,0.0,105.65451928259381,326.36868989153874,440.9152156122883,"{0: 0.5088832487309645, 1: 0.06658130601792574}",0.9120732736394823,15,FIFO + Fixed,44
1468,1468,1467,0,1,0.0,14.67,0.11989100817438691,0.11989100817438691,0.9993188010899182,11.736,0.7999999999999999,0.0,76.48143466243346,269.2064380504468,340.0463538655276,"{0: 0.175561797752809, 1: 0.06746031746031746}",0.9962287115932723,15,EDF + Fixed,42
1576,1576,1576,0,0,0.0,15.76,0.19733502538071065,0.19733502538071065,1.0,12.608000000000002,0.8000000000000002,0.0,85.45190727027148,345.2507950540057,481.1590123649439,"{0: 0.2718832891246684, 1: 0.12895377128953772}",0.992074933758202,15,EDF + Fixed,43
1569,1569,1569,0,0,0.0,15.69,0.24537922243467178,0.24537922243467178,1.0,12.552,0.8,0.0,91.74312453676248,371.65160874539794,491.95335169815905,"{0: 0.30456852791878175, 1: 0.1856594110115237}",0.9938351587787395,15,EDF + Fixed,44
1468,1385,1384,83,1,0.05653950953678474,13.84,0.0776566757493188,0.022382671480144403,0.9992779783393502,11.072000000000001,0.7999999999999998,0.0,66.00955596249423,203.45315231645478,288.2082437934079,"{0: 0.14606741573033707, 1: 0.013227513227513227}",0.9948187726328819,15,EDF + Admission Only + Fixed Model,42
1576,1467,1467,109,0,0.06916243654822335,14.67,0.09390862944162437,0.026584867075664622,1.0,11.736,0.7999999999999999,0.0,71.12013702975673,235.76534185249267,312.23159653196853,"{0: 0.16710875331564987, 1: 0.0267639902676399}",0.9939982026279817,15,EDF + Admission Only + Fixed Model,43
1569,1449,1449,120,0,0.07648183556405354,14.49,0.09751434034416825,0.022774327122153208,1.0,11.592,0.8,0.0,69.52439106432575,241.7515879161923,296.23500479959415,"{0: 0.17385786802030456, 1: 0.020486555697823303}",0.9928369763724945,15,EDF + Admission Only + Fixed Model,44
1468,1468,1467,0,1,0.0,14.67,0.07425068119891008,0.07425068119891008,0.9993188010899182,11.582,0.7895023858214041,0.052452316076294275,71.90206583809413,200.98005036269168,276.9245552167909,"{0: 0.14185393258426968, 1: 0.010582010582010581}",0.9949770628097221,15,EDF + Threshold Downgrade,42
1576,1576,1576,0,0,0.0,15.76,0.09200507614213198,0.09200507614213198,1.0,12.394,0.7864213197969544,0.06789340101522842,75.5006499412932,212.90568590813928,296.45523335806865,"{0: 0.17374005305039789, 1: 0.0170316301703163}",0.9925535058161592,15,EDF + Threshold Downgrade,43
1569,1569,1569,0,0,0.0,15.69,0.09878903760356915,0.09878903760356915,1.0,12.296000000000001,0.7836838750796685,0.0815806246016571,76.74411190090905,231.81363294738298,298.4782302501509,"{0: 0.17639593908629442, 1: 0.020486555697823303}",0.9925790152722457,15,EDF + Threshold Downgrade,44
1468,1394,1393,74,1,0.05040871934604905,13.93,0.06880108991825613,0.019368723098995694,0.9992826398852224,11.078,0.7952620244077528,0.023672883787661407,66.29931652685627,181.4511025547541,253.79604730188902,"{0: 0.13623595505617977, 1: 0.005291005291005291}",0.9950601437911025,15,EDF + Threshold Downgrade + Admission,42
1576,1478,1478,98,0,0.06218274111675127,14.78,0.0799492385786802,0.018944519621109608,1.0,11.714,0.7925575101488497,0.03721244925575101,67.97271081753934,191.34960068464937,276.18819978794227,"{0: 0.15384615384615385, 1: 0.012165450121654502}",0.9940674134736879,15,EDF + Threshold Downgrade + Admission,43
1569,1472,1472,97,0,0.061822817080943275,14.72,0.0758444869343531,0.014945652173913044,1.0,11.626000000000001,0.7898097826086956,0.050951086956521736,68.68326576516847,204.7344543370846,289.97812273019736,"{0: 0.13959390862944163, 1: 0.011523687580025609}",0.9952247194206977,15,EDF + Threshold Downgrade + Admission,44
1468,1468,1467,0,1,0.0,14.67,0.030653950953678476,0.030653950953678476,0.9993188010899182,11.633,0.7929788684389911,0.06198910081743869,70.37967891674634,216.3554781304425,299.534807960692,"{0: 0.04073033707865169, 1: 0.021164021164021163}",0.9998980894912554,15,Proposed: EDF + Feasible Utility,42
1576,1576,1576,0,0,0.0,15.76,0.061548223350253804,0.061548223350253804,1.0,12.458,0.7904822335025382,0.07614213197969544,75.22532152953227,263.17332311352493,340.0920838384418,"{0: 0.07294429708222812, 1: 0.051094890510948905}",0.9998643646606163,15,Proposed: EDF + Feasible Utility,43
1569,1569,1569,0,0,0.0,15.69,0.06054811982154239,0.06054811982154239,1.0,12.371000000000002,0.7884639898024218,0.09623964308476737,76.00823843532999,267.42775881790146,338.57467093877676,"{0: 0.06725888324873096, 1: 0.05377720870678617}",0.9999485211965524,15,Proposed: EDF + Feasible Utility,44
1468,1463,1462,5,1,0.0034059945504087193,14.62,0.0326975476839237,0.02939166097060834,0.9993164730006835,11.603,0.7936388508891928,0.05809979494190021,71.90268100252615,220.28191416619563,296.9012800137446,"{0: 0.047752808988764044, 1: 0.018518518518518517}",0.9997714954814931,15,Proposed: EDF + Feasible Utility + Admission,42
1576,1562,1562,14,0,0.008883248730964468,15.62,0.06091370558375635,0.052496798975672214,1.0,12.371000000000002,0.7919974391805379,0.06978233034571063,74.18729260365217,250.42373810390654,329.37264728396224,"{0: 0.07294429708222812, 1: 0.049878345498783457}",0.9998490383718149,15,Proposed: EDF + Feasible Utility + Admission,43
1569,1556,1556,13,0,0.0082855321861058,15.56,0.06246016571064372,0.05462724935732648,1.0,12.294,0.7901028277634962,0.08611825192802057,76.87928976385592,268.50689758556473,330.5109608007011,"{0: 0.06979695431472081, 1: 0.05505761843790013}",0.9999382184089232,15,Proposed: EDF + Feasible Utility + Admission,44
1954,1954,1948,0,6,0.0,19.48,0.6192425793244627,0.6192425793244627,0.9969293756397134,15.584000000000001,0.8,0.0,259.4059524089389,723.0651185802483,987.4948709970556,"{0: 0.8442105263157895, 1: 0.4063745019920319}",0.7455270350505183,20,FIFO + Fixed,42
2084,2084,2072,0,12,0.0,20.72,0.9203454894433781,0.9203454894433781,0.9942418426103646,16.576,0.8,0.0,1145.8375399531324,1853.3536502539932,2093.172768717127,"{0: 0.9727547931382442, 1: 0.8728270814272644}",0.7048359887388125,20,FIFO + Fixed,43
2075,2075,2055,0,20,0.0,20.55,0.9344578313253012,0.9344578313253012,0.9903614457831326,16.44,0.8000000000000003,0.0,928.6585692710214,1894.659009721082,2347.2997349856287,"{0: 0.9682854311199207, 1: 0.9024390243902439}",0.7940057654808492,20,FIFO + Fixed,44
1954,1954,1948,0,6,0.0,19.48,0.6402251791197543,0.6402251791197543,0.9969293756397134,15.584000000000001,0.8,0.0,254.8301638418052,755.6876455393615,1007.3460822945129,"{0: 0.6810526315789474, 1: 0.601593625498008}",0.9878794184819555,20,EDF + Fixed,42
2084,2084,2072,0,12,0.0,20.72,0.9241842610364683,0.9241842610364683,0.9942418426103646,16.576,0.8,0.0,1149.8634749587472,1889.5039697103036,2111.191320680791,"{0: 0.9323915237134208, 1: 0.9167429094236048}",0.9893555334516126,20,EDF + Fixed,43
2075,2075,2055,0,20,0.0,20.55,0.9281927710843374,0.9281927710843374,0.9903614457831326,16.44,0.8000000000000003,0.0,915.629344341578,1915.551639868741,2377.5238496467036,"{0: 0.9276511397423192, 1: 0.9287054409005628}",0.999946131547151,20,EDF + Fixed,44
1954,1727,1725,227,2,0.11617195496417605,17.25,0.1811668372569089,0.07353792704111176,0.9988419224088014,13.8,0.8,0.0,84.41229361415753,299.4555001068278,335.8349158302811,"{0: 0.2631578947368421, 1: 0.10358565737051793}",0.990544599251674,20,EDF + Admission Only + Fixed Model,42
2084,1816,1811,268,5,0.12859884836852206,18.11,0.20489443378119002,0.08755506607929515,0.9972466960352423,14.488000000000001,0.8000000000000002,0.0,88.27241701452294,305.8926535705832,352.019836853286,"{0: 0.29364278506559033, 1: 0.12442817932296432}",0.988687444651312,20,EDF + Admission Only + Fixed Model,43
2075,1769,1769,306,0,0.14746987951807228,17.69,0.22554216867469878,0.09157716223855286,1.0,14.152000000000001,0.8,0.0,87.75641875331348,311.9117082985918,349.3377798254845,"{0: 0.31714568880079286, 1: 0.13883677298311445}",0.9868390276356319,20,EDF + Admission Only + Fixed Model,44
1954,1954,1950,0,4,0.0,19.5,0.10184237461617196,0.10184237461617196,0.9979529170931423,14.904000000000002,0.7643076923076924,0.17860798362333674,85.0346089350096,244.11307353754273,303.2258244905289,"{0: 0.18526315789473685, 1: 0.022908366533864542}",0.991856963185579,20,EDF + Threshold Downgrade,42
2084,2084,2077,0,7,0.0,20.77,0.11948176583493282,0.11948176583493282,0.996641074856046,15.852,0.7632161771786231,0.1847408829174664,92.46678294656158,254.69107391830752,321.38838345582303,"{0: 0.20686175580222, 1: 0.04025617566331199}",0.9910470131491176,20,EDF + Threshold Downgrade,43
2075,2075,2075,0,0,0.0,20.75,0.12385542168674699,0.12385542168674699,1.0,15.772,0.7600963855421689,0.19951807228915663,92.40083050089015,249.43075499624828,312.77408918373146,"{0: 0.22695738354806738, 1: 0.02626641651031895}",0.9869717571733257,20,EDF + Threshold Downgrade,44
1954,1828,1826,126,2,0.06448311156601842,18.26,0.08802456499488229,0.02516411378555799,0.9989059080962801,14.172,0.7761226725082149,0.11925601750547046,78.42313889445722,239.0804564816899,289.28805751165146,"{0: 0.16842105263157894, 1: 0.01195219123505976}",0.9926600725040958,20,EDF + Threshold Downgrade + Admission,42
2084,1930,1926,154,4,0.07389635316698656,19.26,0.09404990403071017,0.021761658031088083,0.9979274611398964,14.936000000000002,0.7754932502596055,0.12279792746113989,81.9409551979752,230.860902365519,286.80160832729416,"{0: 0.18970736629667004, 1: 0.007319304666056725}",0.9898703941703992,20,EDF + Threshold Downgrade + Admission,43
2075,1902,1902,173,0,0.08337349397590361,19.02,0.10024096385542168,0.01840168243953733,1.0,14.714,0.7736067297581494,0.13196635120925343,83.7108793488261,236.68403178184715,286.3971891140361,"{0: 0.20317145688800792, 1: 0.0028142589118198874}",0.9876810182211516,20,EDF + Threshold Downgrade + Admission,44
1954,1954,1950,0,4,0.0,19.5,0.13817809621289662,0.13817809621289662,0.9979529170931423,15.207,0.779846153846154,0.14687819856704196,89.29567089119155,322.0962636681563,361.9610137309969,"{0: 0.12526315789473685, 1: 0.150398406374502}",0.9997875635289379,20,Proposed: EDF + Feasible Utility,42
2084,2084,2076,0,8,0.0,20.76,0.17226487523992323,0.17226487523992323,0.9961612284069098,16.113,0.7761560693641619,0.16698656429942418,94.44970788494902,324.87699568746575,372.968687526512,"{0: 0.1503531786074672, 1: 0.19213174748398903}",0.9993650839337738,20,Proposed: EDF + Feasible Utility,43
2075,2075,2075,0,0,0.0,20.75,0.16240963855421686,0.16240963855421686,1.0,16.04,0.7730120481927711,0.19614457831325302,91.6845282168506,328.7372371463396,370.76675256361574,"{0: 0.13082259663032705, 1: 0.19230769230769232}",0.998657366201333,20,Proposed: EDF + Feasible Utility,44
1954,1897,1893,57,4,0.02917093142272262,18.93,0.1299897645854657,0.10384818133895625,0.9978914074855034,14.892999999999999,0.7867406233491813,0.1191354770690564,86.18302497183322,312.54641380527454,348.0167743061401,"{0: 0.12105263157894737, 1: 0.13844621513944222}",0.9999001412478367,20,Proposed: EDF + Feasible Utility + Admission,42
2084,2015,2008,69,7,0.033109404990403074,20.08,0.14587332053742802,0.11662531017369727,0.9965260545905708,15.747,0.7842131474103587,0.13647642679900746,90.77603507178719,318.68463402746545,353.8205167037025,"{0: 0.12714429868819374, 1: 0.16285452881976212}",0.9995640836843404,20,Proposed: EDF + Feasible Utility + Admission,43
2075,2008,2008,67,0,0.03228915662650603,20.08,0.1566265060240964,0.12848605577689243,1.0,15.689,0.7813247011952191,0.16085657370517928,90.29543789000672,325.3143850142773,368.42448271052143,"{0: 0.13280475718533202, 1: 0.17917448405253283}",0.9992459747024398,20,Proposed: EDF + Feasible Utility + Admission,44
2501,2501,2076,0,425,0.0,20.76,0.9836065573770492,0.9836065573770492,0.8300679728108756,16.608,0.8,0.0,7371.190526479968,14377.624395578565,15495.867160536163,"{0: 0.9967213114754099, 1: 0.9711163153786104}",0.6120694628742847,25,FIFO + Fixed,42
2574,2574,2084,0,490,0.0,20.84,0.9961149961149961,0.9961149961149961,0.8096348096348096,16.672,0.8,0.0,11144.713728943938,18749.00414568087,19556.911785594664,"{0: 0.9991974317817014, 1: 0.9932228915662651}",0.6167855864039941,25,FIFO + Fixed,43
2581,2581,2071,0,510,0.0,20.71,0.9934134056567222,0.9934134056567222,0.802402169701666,16.568,0.8,0.0,10009.386030567955,19039.306237300574,20025.87130305461,"{0: 0.9967558799675588, 1: 0.9903560830860534}",0.8021944440661474,25,FIFO + Fixed,44
2501,2501,2076,0,425,0.0,20.76,0.9884046381447421,0.9884046381447421,0.8300679728108756,16.608,0.8,0.0,7375.21843292256,14367.746020798782,15493.127791445695,"{0: 0.989344262295082, 1: 0.9875097580015613}",0.9937573829050068,25,EDF + Fixed,42
2574,2574,2084,0,490,0.0,20.84,0.9972804972804973,0.9972804972804973,0.8096348096348096,16.672,0.8,0.0,11096.634593858016,18748.434401779385,19562.68170380922,"{0: 0.9959871589085072, 1: 0.9984939759036144}",0.8289660145642339,25,EDF + Fixed,43
2581,2581,2071,0,510,0.0,20.71,0.9957380860131732,0.9957380860131732,0.802402169701666,16.568,0.8,0.0,10034.033832033601,19029.42334417736,20040.200408976296,"{0: 0.9951338199513382, 1: 0.9962908011869436}",0.9821223030253577,25,EDF + Fixed,44
2501,1948,1946,553,2,0.22111155537784885,19.46,0.3442622950819672,0.15811088295687886,0.9989733059548255,15.568000000000001,0.8,0.0,112.6122673878308,329.2930527669557,363.7963910305996,"{0: 0.4139344262295082, 1: 0.2779078844652615}",0.9893031352946883,25,EDF + Admission Only + Fixed Model,42
2574,1988,1982,586,6,0.22766122766122765,19.82,0.3593628593628594,0.170523138832998,0.9969818913480886,15.856000000000002,0.8000000000000002,0.0,132.03080332477475,329.14344797041736,360.1513646605623,"{0: 0.45425361155698235, 1: 0.2703313253012048}",0.9796283146744537,25,EDF + Admission Only + Fixed Model,43
2581,1978,1974,603,4,0.2336303758233243,19.74,0.38783417280123983,0.2012133468149646,0.9979777553083923,15.792,0.8000000000000002,0.0,130.326438201153,340.2375033358324,377.42417420505114,"{0: 0.43471208434712083, 1: 0.3449554896142433}",0.9946193673305865,25,EDF + Admission Only + Fixed Model,44
2501,2501,2499,0,2,0.0,24.99,0.13714514194322272,0.13714514194322272,0.9992003198720512,18.366,0.7349339735894357,0.32506997201119553,99.1552378995475,269.4683015812772,324.79161282472046,"{0: 0.22950819672131148, 1: 0.04918032786885246}",0.9891440875650458,25,EDF + Threshold Downgrade,42
2574,2574,2569,0,5,0.0,25.69,0.1351981351981352,0.1351981351981352,0.9980574980574981,18.89,0.7353055663682366,0.3243978243978244,101.82327134477964,271.2518388251599,322.79041513588356,"{0: 0.23434991974317818, 1: 0.04216867469879518}",0.9877187632146108,25,EDF + Threshold Downgrade,43
2581,2581,2576,0,5,0.0,25.76,0.1557535838822162,0.1557535838822162,0.9980627663696242,18.918,0.7343944099378881,0.3277799302595893,105.75200513167329,272.23349965680245,330.9588451963118,"{0: 0.27169505271695055, 1: 0.04970326409495549}",0.9828110813255657,25,EDF + Threshold Downgrade,44
2501,2313,2311,188,2,0.07516993202718912,23.11,0.10675729708116753,0.03415477734543882,0.9991353220925205,17.298,0.7485071397663348,0.2572416774751405,88.59900067158014,255.7283093295755,309.489994114031,"{0: 0.19098360655737706, 1: 0.02654176424668228}",0.9915608766243128,25,EDF + Threshold Downgrade + Admission,42
2574,2376,2369,198,7,0.07692307692307693,23.69,0.10994560994560995,0.03577441077441077,0.9970538720538721,17.744,0.7490080202617138,0.2563131313131313,90.39622491652062,259.98225026810246,301.4950190030506,"{0: 0.20064205457463885, 1: 0.024849397590361446}",0.9902813959364253,25,EDF + Threshold Downgrade + Admission,43
2581,2359,2355,222,4,0.08601317318868655,23.55,0.11468423091824874,0.03136922424756253,0.9983043662568886,17.652,0.7495541401273884,0.2522255192878338,91.5439948305575,255.35895211266538,298.49872674642455,"{0: 0.21816707218167072, 1: 0.020029673590504452}",0.9875100806118091,25,EDF + Threshold Downgrade + Admission,44
2501,2501,2499,0,2,0.0,24.99,0.3358656537385046,0.3358656537385046,0.9992003198720512,18.839000000000002,0.753861544617847,0.3006797281087565,118.94835024925669,353.66475716330825,391.8044827201608,"{0: 0.2713114754098361, 1: 0.39734582357533177}",0.9911177423521634,25,Proposed: EDF + Feasible Utility,42
2574,2574,2566,0,8,0.0,25.66,0.3356643356643357,0.3356643356643357,0.9968919968919969,19.322,0.7530007794232267,0.31546231546231546,123.90674089835011,351.15356563452383,390.7411713639867,"{0: 0.2640449438202247, 1: 0.40286144578313254}",0.9892730299400367,25,Proposed: EDF + Feasible Utility,43
2581,2581,2576,0,5,0.0,25.76,0.35490120108485085,0.35490120108485085,0.9980627663696242,19.365,0.7517468944099378,0.32739248353351413,125.1891677966778,358.45506663359527,393.54409166785354,"{0: 0.2725060827250608, 1: 0.43026706231454004}",0.9854255840363242,25,Proposed: EDF + Feasible Utility,44
2501,2280,2278,221,2,0.08836465413834466,22.78,0.2922830867652939,0.2236842105263158,0.9991228070175439,17.619,0.7734416154521511,0.218859649122807,104.89551757485242,346.6747451317402,383.2708914951371,"{0: 0.23442622950819672, 1: 0.3473848555815769}",0.9936958850830007,25,Proposed: EDF + Feasible Utility + Admission,42
2574,2338,2331,236,7,0.09168609168609168,23.31,0.31895881895881895,0.25021385799828916,0.9970059880239521,18.014,0.7728013728013727,0.22412318220701455,118.26848322639125,346.754725631552,376.8731468825975,"{0: 0.2608346709470305, 1: 0.37349397590361444}",0.9932407846975064,25,Proposed: EDF + Feasible Utility + Admission,43
2581,2355,2350,226,5,0.08756296009298721,23.5,0.32506780317706313,0.2602972399150743,0.9978768577494692,18.132,0.7715744680851063,0.23651804670912951,115.8039998975737,347.29076667528204,380.97634260897104,"{0: 0.25790754257907544, 1: 0.38649851632047477}",0.9910819215986076,25,Proposed: EDF + Feasible Utility + Admission,44
2988,2988,2076,0,912,0.0,20.76,0.9956492637215528,0.9956492637215528,0.6947791164658634,16.608,0.8,0.0,14397.446772412426,27792.566562097938,29445.936355278987,"{0: 0.9972789115646259, 1: 0.9940711462450593}",0.8791022649876321,30,FIFO + Fixed,42
3049,3049,2084,0,965,0.0,20.84,0.9980321416857986,0.9980321416857986,0.6835027877992784,16.672,0.8,0.0,17661.05771300658,31406.28188360058,32724.637811878976,"{0: 0.9993256911665542, 1: 0.9968071519795658}",0.7021759329975953,30,FIFO + Fixed,43
3102,3102,2072,0,1030,0.0,20.72,0.996776273372018,0.996776273372018,0.6679561573178594,16.576,0.8,0.0,16602.621271538683,31686.751102866816,33142.773986158114,"{0: 0.9972972972972973, 1: 0.9963008631319359}",0.9763467016188293,30,FIFO + Fixed,44
2988,2988,2076,0,912,0.0,20.76,0.9959839357429718,0.9959839357429718,0.6947791164658634,16.608,0.8,0.0,14419.40736223739,27751.164202016604,29372.978423948218,"{0: 0.9952380952380953, 1: 0.9967061923583662}",0.9678551049305781,30,EDF + Fixed,42
3049,3049,2084,0,965,0.0,20.84,0.9983601180714988,0.9983601180714988,0.6835027877992784,16.672,0.8,0.0,17643.23515400068,31415.271402126004,32744.09494585335,"{0: 0.9973027646662171, 1: 0.9993614303959132}",0.7241840713073029,30,EDF + Fixed,43
3102,3102,2072,0,1030,0.0,20.72,0.9974210186976145,0.9974210186976145,0.6679561573178594,16.576,0.8,0.0,16614.87255298206,31704.76373683403,33134.267680771605,"{0: 0.9966216216216216, 1: 0.9981504315659679}",0.9212213270757548,30,EDF + Fixed,44
2988,2039,2033,949,6,0.3176037483266399,20.33,0.5020080321285141,0.27023050514958313,0.9970573810691515,16.264,0.8000000000000002,0.0,184.26728323093266,348.1936459184755,377.9072591802577,"{0: 0.5414965986394558, 1: 0.463768115942029}",0.993931216232778,30,EDF + Admission Only + Fixed Model,42
3049,2057,2052,992,5,0.32535257461462774,20.52,0.5008199409642505,0.2600875060768109,0.997569275644142,16.416,0.8000000000000002,0.0,202.47199655301154,349.099139231731,382.6543786278936,"{0: 0.5724881995954147, 1: 0.4329501915708812}",0.9806956185351345,30,EDF + Admission Only + Fixed Model,43
3102,2042,2038,1060,4,0.3417150225660864,20.38,0.5328820116054158,0.29040156709108716,0.9980411361410382,16.304000000000002,0.8000000000000002,0.0,224.11778537568534,353.6738849078596,394.77923820642286,"{0: 0.5885135135135136, 1: 0.48212083847102344}",0.9870641313772157,30,EDF + Admission Only + Fixed Model,44
2988,2988,2983,0,5,0.0,29.83,0.13788487282463185,0.13788487282463185,0.9983266398929049,21.274,0.7131746563861883,0.4347389558232932,105.62970000818314,269.8150115722321,317.72619906976905,"{0: 0.23877551020408164, 1: 0.04018445322793149}",0.9868600713993371,30,EDF + Threshold Downgrade,42
3049,3049,3041,0,8,0.0,30.41,0.13611020006559527,0.13611020006559527,0.9973761889143982,21.638,0.7115422558368957,0.4434240734667104,107.39509386462305,268.6948189705654,318.84018359828616,"{0: 0.23128792987188132, 1: 0.04597701149425287}",0.9885615091393729,30,EDF + Threshold Downgrade,43
3102,3102,3098,0,4,0.0,30.98,0.15635074145712444,0.15635074145712444,0.9987105093488072,21.912,0.7072950290510006,0.46421663442940037,110.47871837906132,270.48049820824764,319.6228679816454,"{0: 0.2777027027027027, 1: 0.04562268803945746}",0.9812009513494999,30,EDF + Threshold Downgrade,44
2988,2743,2737,245,6,0.0819946452476573,27.37,0.11345381526104417,0.03426904848705797,0.997812613926358,19.858,0.7255389112166605,0.3733138899015676,93.77261329889006,263.5976865563745,300.5947217429871,"{0: 0.20680272108843537, 1: 0.0230566534914361}",0.9893397831027413,30,EDF + Threshold Downgrade + Admission,42
3049,2796,2791,253,5,0.08297802558215808,27.91,0.10823220728107576,0.02753934191702432,0.998211731044349,20.274,0.7264063059835183,0.36838340486409155,94.95522965622877,262.4818640955673,298.6831072157829,"{0: 0.2002697235333783, 1: 0.0210727969348659}",0.989951748542297,30,EDF + Threshold Downgrade + Admission,43
3102,2828,2824,274,4,0.08833010960670536,28.24,0.11605415860735009,0.03041018387553041,0.9985855728429985,20.43,0.723441926345609,0.3826025459688826,97.08886470550715,258.50094374683397,298.9351978942017,"{0: 0.22364864864864864, 1: 0.017879161528976572}",0.9864922007523871,30,EDF + Threshold Downgrade + Admission,44
2988,2988,2981,0,7,0.0,29.81,0.5,0.5,0.9976572958500669,21.730999999999998,0.7289835625628982,0.4484605087014726,154.4253654970962,369.05505184792855,399.51188519275945,"{0: 0.40680272108843535, 1: 0.5902503293807642}",0.9676274893704344,30,Proposed: EDF + Feasible Utility,42
3049,3049,3042,0,7,0.0,30.42,0.5234503115775664,0.5234503115775664,0.9977041653000984,22.134,0.7276134122287967,0.4581830108232207,164.77358062895337,369.9088383500126,405.8819942855822,"{0: 0.43762643290627107, 1: 0.6047254150702427}",0.9704532129996342,30,Proposed: EDF + Feasible Utility,43
3102,3102,3097,0,5,0.0,30.97,0.5283687943262412,0.5283687943262412,0.998388136686009,22.44,0.7245721666128512,0.48388136686009026,168.82228860464966,369.0933414360887,403.6936292829239,"{0: 0.42364864864864865, 1: 0.623921085080148}",0.9576565938672059,30,Proposed: EDF + Feasible Utility,44
2988,2546,2541,442,5,0.14792503346720215,25.41,0.4404283801874163,0.34328358208955223,0.9980361351139042,19.352,0.7615899252262888,0.30911233307148467,169.87480286051868,360.0298399061576,385.50465041182974,"{0: 0.3551020408163265, 1: 0.5230566534914362}",0.9780772922380879,30,Proposed: EDF + Feasible Utility + Admission,42
3049,2566,2560,483,6,0.1584125942932109,25.6,0.4601508691374221,0.35853468433359315,0.9976617303195635,19.519000000000002,0.7624609375,0.3078721745908028,216.15439368875832,357.1933276976214,391.32694325544975,"{0: 0.3735670937289278, 1: 0.5421455938697318}",0.9763983345975153,30,Proposed: EDF + Feasible Utility + Admission,43
3102,2648,2644,454,4,0.1463571889103804,26.44,0.4606705351386202,0.368202416918429,0.9984894259818731,20.006,0.7566565809379727,0.35196374622356497,212.33834956645296,360.2066713753558,399.6742756175424,"{0: 0.36824324324324326, 1: 0.5450061652281134}",0.974225973102039,30,Proposed: EDF + Feasible Utility + Admission,44
